PHASE=RED
BRANCH=red/devtools-fetch-getresponsebody-null-resume
HEAD=c361a48b240fafd1ae64b0f8d0694831680e6d52
BUILD_START 2026-07-11T13:37:13Z
offline mode
ninja: Entering directory `out/ASan'


disable fast local for non-interactive: fastlocal=1->0
 use `--fast_local` to enable fast local with non-interactive mode
schedule pending:1+ready:0 (node:75454 edge:2)
build start: Ready 1 Pending 1
[0/2] 5.66s S Regenerating ninja files
[0/2] 28.48s F Regenerating ninja files
rebuild manifest finished
28.29s Regenerating ninja files



loading build.ninja... done 747.767948ms
load siso config done 2.791483188s
schedule pending:1+ready:0 (node:472293 edge:2)
build start: Ready 1 Pending 1
rebuild manifest finished
schedule pending:1+ready:0 (node:472293 edge:3)
build start: Ready 5191 Pending 55848
[0/6577] 33.55s S CXX obj/content/browser/browser/media_stream_manager.o obj/content/browser/browser/media_stream_manager.dwo
[0/6364] 33.56s S CXX obj/content/browser/browser/video_capture_host.o obj/content/browser/browser/video_capture_host.dwo
[0/6000] 33.56s S CXX obj/content/browser/browser/devtools_url_loader_interceptor.o obj/content/browser/browser/devtools_url_loader_interceptor.dwo
[0/1750] 33.59s S CXX obj/media/cdm/library_cdm/clear_key_cdm/clear_key_cdm_bin/cdm_video_decoder.o obj/media/cdm/library_cdm/clear_key_cdm/clear_key_cdm_bin/cdm_video_decoder.dwo
[0/481] 33.61s S CXX obj/content/test/content_browsertests/content_main_runner_impl_browsertest.o obj/content/test/content_browsertests/content_main_runner_impl_browsertest.dwo
[0/480] 33.61s S CXX obj/content/test/content_browsertests/session_metrics_browsertest.o obj/content/test/content_browsertests/session_metrics_browsertest.dwo
[0/479] 33.61s S CXX obj/content/test/content_browsertests/audio_context_manager_browsertest.o obj/content/test/content_browsertests/audio_context_manager_browsertest.dwo
[0/479] 33.61s S CXX obj/content/test/content_browsertests/zoom_browsertest.o obj/content/test/content_browsertests/zoom_browsertest.dwo
[0/478] 33.61s S CXX obj/content/test/content_browsertests/preloading_decider_browsertest.o obj/content/test/content_browsertests/preloading_decider_browsertest.dwo
[0/470] 33.61s S CXX obj/content/test/content_browsertests/webauth_browsertest.o obj/content/test/content_browsertests/webauth_browsertest.dwo
[0/469] 33.61s S CXX obj/content/test/content_browsertests/direct_sockets_tcp_browsertest.o obj/content/test/content_browsertests/direct_sockets_tcp_browsertest.dwo
[0/469] 33.61s S CXX obj/content/test/content_browsertests/wheel_event_listener_browsertest.o obj/content/test/content_browsertests/wheel_event_listener_browsertest.dwo
[0/469] 33.61s S CXX obj/content/test/content_browsertests/download_browsertest.o obj/content/test/content_browsertests/download_browsertest.dwo
[0/469] 33.61s S CXX obj/content/test/content_browsertests/split_cache_browsertest.o obj/content/test/content_browsertests/split_cache_browsertest.dwo
[0/469] 33.61s S CXX obj/content/test/content_browsertests/webrtc_ip_permissions_browsertest.o obj/content/test/content_browsertests/webrtc_ip_permissions_browsertest.dwo
[0/467] 33.61s S CXX obj/content/test/content_browsertests/site_per_process_browsertest.o obj/content/test/content_browsertests/site_per_process_browsertest.dwo
[0/463] 33.61s S CXX obj/content/test/content_browsertests/background_resource_fetch_browsertest.o obj/content/test/content_browsertests/background_resource_fetch_browsertest.dwo
[0/461] 33.61s S CXX obj/content/test/content_browsertests/accessibility_auralinux_browsertest.o obj/content/test/content_browsertests/accessibility_auralinux_browsertest.dwo
[0/461] 33.61s S CXX obj/content/test/content_browsertests/site_instance_group_browsertest.o obj/content/test/content_browsertests/site_instance_group_browsertest.dwo
[0/457] 33.61s S CXX obj/content/test/content_browsertests/render_document_host_browsertest.o obj/content/test/content_browsertests/render_document_host_browsertest.dwo
[0/456] 33.61s S CXX obj/content/test/content_browsertests/webrtc_content_browsertest_base.o obj/content/test/content_browsertests/webrtc_content_browsertest_base.dwo
[0/456] 33.61s S CXX obj/content/test/content_browsertests/web_contents_impl_browsertest.o obj/content/test/content_browsertests/web_contents_impl_browsertest.dwo
[0/455] 33.61s S CXX obj/content/test/content_browsertests/render_widget_browsertest.o obj/content/test/content_browsertests/render_widget_browsertest.dwo
[0/455] 33.61s S CXX obj/content/test/content_browsertests/web_contents_view_aura_browsertest.o obj/content/test/content_browsertests/web_contents_view_aura_browsertest.dwo
[0/449] 33.61s S CXX obj/content/test/content_browsertests/battery_monitor_browsertest.o obj/content/test/content_browsertests/battery_monitor_browsertest.dwo
[0/448] 33.61s S CXX obj/content/test/content_browsertests/navigation_mhtml_browsertest.o obj/content/test/content_browsertests/navigation_mhtml_browsertest.dwo
[0/447] 33.61s S CXX obj/content/test/content_browsertests/webrtc_getusermedia_browsertest.o obj/content/test/content_browsertests/webrtc_getusermedia_browsertest.dwo
[0/447] 33.62s S CXX obj/content/test/content_browsertests/file_system_access_observer_browsertest.o obj/content/test/content_browsertests/file_system_access_observer_browsertest.dwo
[0/446] 33.62s S CXX obj/content/test/content_browsertests/speculative_render_view_host_browsertest.o obj/content/test/content_browsertests/speculative_render_view_host_browsertest.dwo
[0/445] 33.62s S CXX obj/content/test/content_browsertests/dns_https_protocol_upgrade_browsertest.o obj/content/test/content_browsertests/dns_https_protocol_upgrade_browsertest.dwo
[0/444] 33.62s S CXX obj/content/test/content_browsertests/touch_input_browsertest.o obj/content/test/content_browsertests/touch_input_browsertest.dwo
[0/443] 33.62s S CXX obj/content/test/content_browsertests/render_widget_host_view_child_frame_browsertest.o obj/content/test/content_browsertests/render_widget_host_view_child_frame_browsertest.dwo
[0/443] 33.62s S CXX obj/content/test/content_browsertests/webrtc_browsertest.o obj/content/test/content_browsertests/webrtc_browsertest.dwo
[0/442] 33.62s S CXX obj/content/test/content_browsertests/test_shared_storage_worklet_host.o obj/content/test/content_browsertests/test_shared_storage_worklet_host.dwo
[0/440] 33.62s S CXX obj/content/test/content_browsertests/worker_browsertest.o obj/content/test/content_browsertests/worker_browsertest.dwo
[0/438] 33.62s S CXX obj/content/test/content_browsertests/touch_accessibility_aura_browsertest.o obj/content/test/content_browsertests/touch_accessibility_aura_browsertest.dwo
[0/438] 33.62s S CXX obj/content/test/content_browsertests/file_chooser_impl_browsertest.o obj/content/test/content_browsertests/file_chooser_impl_browsertest.dwo
[0/438] 33.62s S CXX obj/content/test/content_browsertests/view_transition_browsertest.o obj/content/test/content_browsertests/view_transition_browsertest.dwo
[0/438] 33.62s S CXX obj/content/test/content_browsertests/navigation_browsertest.o obj/content/test/content_browsertests/navigation_browsertest.dwo
[0/438] 33.63s S CXX obj/content/test/content_browsertests/initial_webui_browsertest.o obj/content/test/content_browsertests/initial_webui_browsertest.dwo
[0/461] 33.61s S CXX obj/content/test/content_browsertests/webid_browsertest.o obj/content/test/content_browsertests/webid_browsertest.dwo
[0/432] 33.63s S CXX obj/content/test/content_browsertests/unbounded_element_browsertest.o obj/content/test/content_browsertests/unbounded_element_browsertest.dwo
[0/432] 33.63s S CXX obj/content/test/content_browsertests/test_shared_storage_runtime_manager.o obj/content/test/content_browsertests/test_shared_storage_runtime_manager.dwo
[0/428] 33.63s S CXX obj/content/test/content_browsertests/frame_tree_browsertest.o obj/content/test/content_browsertests/frame_tree_browsertest.dwo
[0/415] 33.63s S CXX obj/content/test/content_browsertests/scoped_accessibility_mode_browsertest.o obj/content/test/content_browsertests/scoped_accessibility_mode_browsertest.dwo
[0/414] 33.63s S CXX obj/content/test/content_browsertests/nav_prefetch_browsertest.o obj/content/test/content_browsertests/nav_prefetch_browsertest.dwo
[0/414] 33.63s S CXX obj/content/test/content_browsertests/touch_action_browsertest.o obj/content/test/content_browsertests/touch_action_browsertest.dwo
[0/414] 33.63s S CXX obj/content/test/content_browsertests/webrtc_data_browsertest.o obj/content/test/content_browsertests/webrtc_data_browsertest.dwo
[0/414] 33.63s S CXX obj/content/test/content_browsertests/message_port_close_event_browsertest.o obj/content/test/content_browsertests/message_port_close_event_browsertest.dwo
[0/413] 33.63s S CXX obj/content/test/content_browsertests/render_thread_impl_discardable_memory_browsertest.o obj/content/test/content_browsertests/render_thread_impl_discardable_memory_browsertest.dwo
[0/412] 33.63s S CXX obj/content/test/content_browsertests/proactively_swap_browsing_instances_browsertest.o obj/content/test/content_browsertests/proactively_swap_browsing_instances_browsertest.dwo
[0/412] 33.63s S CXX obj/content/test/content_browsertests/render_thread_impl_browsertest.o obj/content/test/content_browsertests/render_thread_impl_browsertest.dwo
[0/412] 33.63s S CXX obj/content/test/content_browsertests/render_widget_host_view_aura_vk_browsertest.o obj/content/test/content_browsertests/render_widget_host_view_aura_vk_browsertest.dwo
[0/412] 33.63s S CXX obj/content/test/content_browsertests/keyboard_lock_browsertest.o obj/content/test/content_browsertests/keyboard_lock_browsertest.dwo
[0/410] 33.63s S CXX obj/content/test/content_browsertests/webrtc_stress_source_switch_browsertest.o obj/content/test/content_browsertests/webrtc_stress_source_switch_browsertest.dwo
[0/410] 33.63s S CXX obj/content/test/content_browsertests/webrtc_audio_debug_recordings_browsertest.o obj/content/test/content_browsertests/webrtc_audio_debug_recordings_browsertest.dwo
[0/409] 33.63s S CXX obj/content/test/content_browsertests/cross_origin_opener_policy_reporting_browsertest.o obj/content/test/content_browsertests/cross_origin_opener_policy_reporting_browsertest.dwo
[0/409] 33.63s S CXX obj/content/test/content_browsertests/web_ui_security_browsertest.o obj/content/test/content_browsertests/web_ui_security_browsertest.dwo
[0/408] 33.63s S CXX obj/content/test/content_browsertests/spare_render_process_host_manager_browsertest.o obj/content/test/content_browsertests/spare_render_process_host_manager_browsertest.dwo
[0/408] 33.64s S CXX obj/content/test/content_browsertests/display_cutout_browsertest.o obj/content/test/content_browsertests/display_cutout_browsertest.dwo
[0/408] 33.64s S CXX obj/content/test/content_browsertests/signed_exchange_subresource_prefetch_browsertest.o obj/content/test/content_browsertests/signed_exchange_subresource_prefetch_browsertest.dwo
[0/408] 33.64s S CXX obj/content/test/content_browsertests/media_session_impl_browsertest.o obj/content/test/content_browsertests/media_session_impl_browsertest.dwo
[0/408] 33.64s S CXX obj/content/test/content_browsertests/tracing_end_to_end_browsertest.o obj/content/test/content_browsertests/tracing_end_to_end_browsertest.dwo
[0/405] 33.64s S CXX obj/content/test/content_browsertests/web_ui_browsertest.o obj/content/test/content_browsertests/web_ui_browsertest.dwo
[0/405] 33.64s S CXX obj/content/test/content_browsertests/embedding_token_browsertest.o obj/content/test/content_browsertests/embedding_token_browsertest.dwo
[0/405] 33.64s S CXX obj/content/test/content_browsertests/back_forward_cache_not_restored_reasons_browsertest.o obj/content/test/content_browsertests/back_forward_cache_not_restored_reasons_browsertest.dwo
[0/405] 33.64s S CXX obj/content/test/content_browsertests/shared_storage_private_aggregation_browsertest.o obj/content/test/content_browsertests/shared_storage_private_aggregation_browsertest.dwo
[0/405] 33.64s S CXX obj/content/test/content_browsertests/render_widget_host_view_browsertest.o obj/content/test/content_browsertests/render_widget_host_view_browsertest.dwo
[0/405] 33.64s S CXX obj/content/test/content_browsertests/webrtc_webcam_browsertest.o obj/content/test/content_browsertests/webrtc_webcam_browsertest.dwo
[0/405] 33.64s S CXX obj/content/test/content_browsertests/service_worker_browsertest.o obj/content/test/content_browsertests/service_worker_browsertest.dwo
[0/405] 33.65s S CXX obj/content/test/content_browsertests/webrtc_audio_browsertest.o obj/content/test/content_browsertests/webrtc_audio_browsertest.dwo
[0/393] 33.65s S CXX obj/content/test/content_browsertests/synthetic_input_browsertest.o obj/content/test/content_browsertests/synthetic_input_browsertest.dwo
[0/393] 33.65s S CXX obj/content/test/content_browsertests/dom_storage_browsertest.o obj/content/test/content_browsertests/dom_storage_browsertest.dwo
[0/393] 33.65s S CXX obj/content/test/content_browsertests/signed_exchange_request_handler_browsertest.o obj/content/test/content_browsertests/signed_exchange_request_handler_browsertest.dwo
[0/393] 33.65s S CXX obj/content/test/content_browsertests/memory_tracing_browsertest.o obj/content/test/content_browsertests/memory_tracing_browsertest.dwo
[0/392] 33.65s S CXX obj/content/test/content_browsertests/site_per_process_devtools_browsertest.o obj/content/test/content_browsertests/site_per_process_devtools_browsertest.dwo
[0/392] 33.65s S CXX obj/content/test/content_browsertests/isolated_origin_browsertest.o obj/content/test/content_browsertests/isolated_origin_browsertest.dwo
[0/389] 33.65s S CXX obj/content/test/content_browsertests/back_forward_cache_no_store_browsertest.o obj/content/test/content_browsertests/back_forward_cache_no_store_browsertest.dwo
[0/389] 33.65s S CXX obj/content/test/content_browsertests/media_suspend_browsertest.o obj/content/test/content_browsertests/media_suspend_browsertest.dwo
[0/388] 33.66s S CXX obj/content/test/content_browsertests/contamination_delay_browsertest.o obj/content/test/content_browsertests/contamination_delay_browsertest.dwo
[0/387] 33.66s S CXX obj/content/test/content_browsertests/web_ui_navigation_browsertest.o obj/content/test/content_browsertests/web_ui_navigation_browsertest.dwo
[0/387] 33.66s S CXX obj/content/test/content_browsertests/policy_container_host_browsertest.o obj/content/test/content_browsertests/policy_container_host_browsertest.dwo
[0/386] 33.66s S CXX obj/content/test/content_browsertests/unassigned_site_instance_browsertest.o obj/content/test/content_browsertests/unassigned_site_instance_browsertest.dwo
[0/386] 33.66s S CXX obj/content/test/content_browsertests/document_user_data_browsertest.o obj/content/test/content_browsertests/document_user_data_browsertest.dwo
[0/386] 33.66s S CXX obj/content/test/content_browsertests/scroll_into_view_browsertest.o obj/content/test/content_browsertests/scroll_into_view_browsertest.dwo
[0/386] 33.66s S CXX obj/content/test/content_browsertests/webrtc_stress_resolution_switch_browsertest.o obj/content/test/content_browsertests/webrtc_stress_resolution_switch_browsertest.dwo
[0/385] 33.66s S CXX obj/content/test/content_browsertests/shared_storage_fenced_frame_browsertest.o obj/content/test/content_browsertests/shared_storage_fenced_frame_browsertest.dwo
[0/385] 33.66s S CXX obj/content/test/content_browsertests/security_exploit_browsertest.o obj/content/test/content_browsertests/security_exploit_browsertest.dwo
[0/385] 33.66s S CXX obj/content/test/content_browsertests/render_widget_host_view_aura_browsertest.o obj/content/test/content_browsertests/render_widget_host_view_aura_browsertest.dwo
[0/385] 33.67s S CXX obj/content/test/content_browsertests/render_widget_host_browsertest.o obj/content/test/content_browsertests/render_widget_host_browsertest.dwo
[0/384] 33.67s S CXX obj/content/test/content_browsertests/webkit_browsertest.o obj/content/test/content_browsertests/webkit_browsertest.dwo
[0/380] 33.67s S CXX obj/content/test/content_browsertests/memory_instrumentation_browsertest.o obj/content/test/content_browsertests/memory_instrumentation_browsertest.dwo
[0/379] 33.67s S CXX obj/content/test/content_browsertests/shared_storage_browsertest_base.o obj/content/test/content_browsertests/shared_storage_browsertest_base.dwo
[0/377] 33.67s S CXX obj/content/test/content_browsertests/internal_urls_browsertest.o obj/content/test/content_browsertests/internal_urls_browsertest.dwo
[0/377] 33.67s S CXX obj/content/test/content_browsertests/scroll_tracing_browsertest.o obj/content/test/content_browsertests/scroll_tracing_browsertest.dwo
[0/377] 33.67s S CXX obj/content/test/content_browsertests/webrtc_stress_pause_browsertest.o obj/content/test/content_browsertests/webrtc_stress_pause_browsertest.dwo
[0/377] 33.67s S CXX obj/content/test/content_browsertests/document_token_browsertest.o obj/content/test/content_browsertests/document_token_browsertest.dwo
[0/377] 33.67s S CXX obj/content/test/content_browsertests/back_forward_cache_network_request_browsertest.o obj/content/test/content_browsertests/back_forward_cache_network_request_browsertest.dwo
[0/377] 33.67s S CXX obj/content/test/content_browsertests/signed_exchange_reporter_browsertest.o obj/content/test/content_browsertests/signed_exchange_reporter_browsertest.dwo
[0/375] 33.67s S CXX obj/content/test/content_browsertests/power_monitor_browsertest.o obj/content/test/content_browsertests/power_monitor_browsertest.dwo
[0/375] 33.68s S CXX obj/content/test/content_browsertests/local_network_access_deprecation_browsertest.o obj/content/test/content_browsertests/local_network_access_deprecation_browsertest.dwo
[0/375] 33.68s S CXX obj/content/test/content_browsertests/render_frame_devtools_agent_host_browsertest.o obj/content/test/content_browsertests/render_frame_devtools_agent_host_browsertest.dwo
[0/374] 33.68s S CXX obj/content/test/content_browsertests/page_impl_browsertest.o obj/content/test/content_browsertests/page_impl_browsertest.dwo
[0/374] 33.68s S CXX obj/content/test/content_browsertests/fullscreen_video_detection_browsertest.o obj/content/test/content_browsertests/fullscreen_video_detection_browsertest.dwo
[0/374] 33.69s S CXX obj/content/test/content_browsertests/background_tracing_manager_browsertest.o obj/content/test/content_browsertests/background_tracing_manager_browsertest.dwo
[0/374] 33.69s S CXX obj/content/test/content_browsertests/touch_selection_controller_client_aura_browsertest.o obj/content/test/content_browsertests/touch_selection_controller_client_aura_browsertest.dwo
[0/374] 33.70s S CXX obj/content/test/content_browsertests/render_view_host_browsertest.o obj/content/test/content_browsertests/render_view_host_browsertest.dwo
[0/374] 33.70s S CXX obj/content/test/content_browsertests/page_lifecycle_state_manager_browsertest.o obj/content/test/content_browsertests/page_lifecycle_state_manager_browsertest.dwo
[0/373] 33.70s S CXX obj/content/test/content_browsertests/origin_agent_cluster_browsertest.o obj/content/test/content_browsertests/origin_agent_cluster_browsertest.dwo
[0/373] 33.70s S CXX obj/content/test/content_browsertests/local_network_access_browsertest.o obj/content/test/content_browsertests/local_network_access_browsertest.dwo
[0/373] 33.70s S CXX obj/content/test/content_browsertests/back_forward_cache_limit_browsertest.o obj/content/test/content_browsertests/back_forward_cache_limit_browsertest.dwo
[0/372] 33.70s S CXX obj/content/test/content_browsertests/web_contents_observer_browsertest.o obj/content/test/content_browsertests/web_contents_observer_browsertest.dwo
[0/372] 33.70s S CXX obj/content/test/content_browsertests/scroll_latency_browsertest.o obj/content/test/content_browsertests/scroll_latency_browsertest.dwo
[0/371] 33.70s S CXX obj/content/test/content_browsertests/document_service_browsertest.o obj/content/test/content_browsertests/document_service_browsertest.dwo
[0/371] 33.70s S CXX obj/content/test/content_browsertests/indexed_db_transaction_feature_observer_browsertest.o obj/content/test/content_browsertests/indexed_db_transaction_feature_observer_browsertest.dwo
[0/371] 33.70s S CXX obj/content/test/content_browsertests/back_forward_cache_browsertest.o obj/content/test/content_browsertests/back_forward_cache_browsertest.dwo
[0/371] 33.71s S CXX obj/content/test/content_browsertests/shared_storage_browsertest.o obj/content/test/content_browsertests/shared_storage_browsertest.dwo
[0/371] 33.71s S CXX obj/content/test/content_browsertests/devtools_protocol_browsertest.o obj/content/test/content_browsertests/devtools_protocol_browsertest.dwo
[0/367] 33.71s S CXX obj/content/test/content_browsertests/input_event_browsertest.o obj/content/test/content_browsertests/input_event_browsertest.dwo
[0/367] 33.71s S CXX obj/content/test/content_browsertests/render_process_host_shutdown_delay_browsertest.o obj/content/test/content_browsertests/render_process_host_shutdown_delay_browsertest.dwo
[0/367] 33.71s S CXX obj/content/test/content_browsertests/navigation_early_hints_browsertest.o obj/content/test/content_browsertests/navigation_early_hints_browsertest.dwo
[0/366] 33.71s S CXX obj/content/test/content_browsertests/pointer_lock_browsertest.o obj/content/test/content_browsertests/pointer_lock_browsertest.dwo
[0/366] 33.71s S CXX obj/content/test/content_browsertests/keep_alive_url_browsertest.o obj/content/test/content_browsertests/keep_alive_url_browsertest.dwo
[0/365] 33.71s S CXX obj/content/test/content_browsertests/site_per_process_unload_browsertest.o obj/content/test/content_browsertests/site_per_process_unload_browsertest.dwo
[0/365] 33.71s S CXX obj/content/test/content_browsertests/line_layout_browsertest.o obj/content/test/content_browsertests/line_layout_browsertest.dwo
[0/364] 33.72s S CXX obj/content/test/content_browsertests/sms_browsertest.o obj/content/test/content_browsertests/sms_browsertest.dwo
[0/363] 33.72s S CXX obj/content/test/content_browsertests/connection_allowlist_browsertest.o obj/content/test/content_browsertests/connection_allowlist_browsertest.dwo
[0/363] 33.72s S CXX obj/content/test/content_browsertests/attributions_browsertest.o obj/content/test/content_browsertests/attributions_browsertest.dwo
[0/363] 33.72s S CXX obj/content/test/content_browsertests/file_system_access_clipboard_browsertest.o obj/content/test/content_browsertests/file_system_access_clipboard_browsertest.dwo
[0/363] 33.72s S CXX obj/content/test/content_browsertests/navigation_controller_impl_browsertest.o obj/content/test/content_browsertests/navigation_controller_impl_browsertest.dwo
[0/361] 33.72s S CXX obj/content/test/content_browsertests/framebusting_browsertest.o obj/content/test/content_browsertests/framebusting_browsertest.dwo
[0/361] 33.72s S CXX obj/content/test/content_browsertests/fullscreen_browsertest.o obj/content/test/content_browsertests/fullscreen_browsertest.dwo
[0/360] 33.72s S CXX obj/content/test/content_browsertests/indexed_db_browsertest.o obj/content/test/content_browsertests/indexed_db_browsertest.dwo
[0/360] 33.72s S CXX obj/content/test/content_browsertests/devtools_fetch_get_response_body_browsertest.o obj/content/test/content_browsertests/devtools_fetch_get_response_body_browsertest.dwo
[0/360] 33.72s S CXX obj/content/test/content_browsertests/scroll_behavior_browsertest.o obj/content/test/content_browsertests/scroll_behavior_browsertest.dwo
[0/360] 33.72s S CXX obj/content/test/content_browsertests/navigation_request_browsertest.o obj/content/test/content_browsertests/navigation_request_browsertest.dwo
[0/360] 33.72s S CXX obj/content/test/content_browsertests/back_forward_cache_features_browsertest.o obj/content/test/content_browsertests/back_forward_cache_features_browsertest.dwo
[0/360] 33.72s S CXX obj/content/test/content_browsertests/text_fragment_browsertest.o obj/content/test/content_browsertests/text_fragment_browsertest.dwo
[0/360] 33.72s S CXX obj/content/test/content_browsertests/back_forward_cache_internal_browsertest.o obj/content/test/content_browsertests/back_forward_cache_internal_browsertest.dwo
[0/360] 33.72s S CXX obj/content/test/content_browsertests/manifest_browsertest.o obj/content/test/content_browsertests/manifest_browsertest.dwo
[0/360] 33.72s S CXX obj/content/test/content_browsertests/session_history_browsertest.o obj/content/test/content_browsertests/session_history_browsertest.dwo
[0/360] 33.72s S CXX obj/content/test/content_browsertests/navigation_controller_history_intervention_browsertest.o obj/content/test/content_browsertests/navigation_controller_history_intervention_browsertest.dwo
[0/360] 33.72s S CXX obj/content/test/content_browsertests/performance_timeline_browsertest.o obj/content/test/content_browsertests/performance_timeline_browsertest.dwo
[0/360] 33.72s S CXX obj/content/test/content_browsertests/document_isolation_policy_browsertest.o obj/content/test/content_browsertests/document_isolation_policy_browsertest.dwo
[0/360] 33.72s S CXX obj/content/test/content_browsertests/fling_browsertest.o obj/content/test/content_browsertests/fling_browsertest.dwo
[0/359] 33.73s S CXX obj/content/test/content_browsertests/back_forward_cache_basics_browsertest.o obj/content/test/content_browsertests/back_forward_cache_basics_browsertest.dwo
[0/359] 33.73s S CXX obj/content/test/content_browsertests/site_per_process_scroll_browsertest.o obj/content/test/content_browsertests/site_per_process_scroll_browsertest.dwo
[0/360] 33.72s S CXX obj/content/test/content_browsertests/attribution_src_browsertest.o obj/content/test/content_browsertests/attribution_src_browsertest.dwo
[0/358] 33.73s S CXX obj/content/test/content_browsertests/snapshot_ax_tree_browsertest.o obj/content/test/content_browsertests/snapshot_ax_tree_browsertest.dwo
[0/354] 33.73s S CXX obj/content/test/content_browsertests/navigation_policy_container_builder_browsertest.o obj/content/test/content_browsertests/navigation_policy_container_builder_browsertest.dwo
[0/354] 33.73s S CXX obj/content/test/content_browsertests/dump_accessibility_tree_browsertest.o obj/content/test/content_browsertests/dump_accessibility_tree_browsertest.dwo
[0/353] 33.73s S CXX obj/content/test/content_browsertests/navigation_throttle_browsertest.o obj/content/test/content_browsertests/navigation_throttle_browsertest.dwo
[0/353] 33.73s S CXX obj/content/test/content_browsertests/render_process_host_browsertest.o obj/content/test/content_browsertests/render_process_host_browsertest.dwo
[0/352] 33.73s S CXX obj/content/test/content_browsertests/fileapi_browsertest.o obj/content/test/content_browsertests/fileapi_browsertest.dwo
[0/352] 33.73s S CXX obj/content/test/content_browsertests/cspee_histogram_browsertest.o obj/content/test/content_browsertests/cspee_histogram_browsertest.dwo
[0/352] 33.73s S CXX obj/content/test/content_browsertests/back_forward_cache_metrics_browsertest.o obj/content/test/content_browsertests/back_forward_cache_metrics_browsertest.dwo
[0/350] 33.73s S CXX obj/content/test/content_browsertests/font_unique_name_browsertest.o obj/content/test/content_browsertests/font_unique_name_browsertest.dwo
[0/350] 33.73s S CXX obj/content/test/content_browsertests/fetch_later_browsertest.o obj/content/test/content_browsertests/fetch_later_browsertest.dwo
[0/350] 33.73s S CXX obj/content/test/content_browsertests/performance_memory_browsertest.o obj/content/test/content_browsertests/performance_memory_browsertest.dwo
[0/350] 33.73s S CXX obj/content/test/content_browsertests/child_process_security_policy_browsertest.o obj/content/test/content_browsertests/child_process_security_policy_browsertest.dwo
[0/348] 33.73s S CXX obj/content/test/content_browsertests/devtools_network_resource_loader_browsertest.o obj/content/test/content_browsertests/devtools_network_resource_loader_browsertest.dwo
[0/347] 33.74s S CXX obj/content/test/content_browsertests/main_thread_event_queue_browsertest.o obj/content/test/content_browsertests/main_thread_event_queue_browsertest.dwo
[0/347] 33.74s S CXX obj/content/test/content_browsertests/site_per_process_sad_frame_browsertest.o obj/content/test/content_browsertests/site_per_process_sad_frame_browsertest.dwo
[0/347] 33.74s S CXX obj/content/test/content_browsertests/surface_embed_connector_impl_browsertest.o obj/content/test/content_browsertests/surface_embed_connector_impl_browsertest.dwo
[0/346] 33.74s S CXX obj/content/test/content_browsertests/compositor_event_ack_browsertest.o obj/content/test/content_browsertests/compositor_event_ack_browsertest.dwo
[0/346] 33.74s S CXX obj/content/test/content_browsertests/file_system_access_drag_drop_browsertest.o obj/content/test/content_browsertests/file_system_access_drag_drop_browsertest.dwo
[0/346] 33.74s S CXX obj/content/test/content_browsertests/navigation_handle_user_data_browsertest.o obj/content/test/content_browsertests/navigation_handle_user_data_browsertest.dwo
[0/345] 33.74s S CXX obj/content/test/content_browsertests/jit_policy_browsertest.o obj/content/test/content_browsertests/jit_policy_browsertest.dwo
[0/345] 33.74s S CXX obj/content/test/content_browsertests/initial_gpu_channel_browsertest.o obj/content/test/content_browsertests/initial_gpu_channel_browsertest.dwo
[0/345] 33.74s S CXX obj/content/test/content_browsertests/service_worker_process_browsertest.o obj/content/test/content_browsertests/service_worker_process_browsertest.dwo
[0/345] 33.74s S CXX obj/content/test/content_browsertests/send_beacon_browsertest.o obj/content/test/content_browsertests/send_beacon_browsertest.dwo
[0/352] 33.73s S CXX obj/content/test/content_browsertests/mouse_latency_browsertest.o obj/content/test/content_browsertests/mouse_latency_browsertest.dwo
[0/344] 33.75s S CXX obj/content/test/content_browsertests/isolated_web_app_throttle_browsertest.o obj/content/test/content_browsertests/isolated_web_app_throttle_browsertest.dwo
[0/344] 33.75s S CXX obj/content/test/content_browsertests/dump_accessibility_scripts_browsertest.o obj/content/test/content_browsertests/dump_accessibility_scripts_browsertest.dwo
[0/341] 33.75s S CXX obj/content/test/content_browsertests/site_per_process_oopsif_browsertest.o obj/content/test/content_browsertests/site_per_process_oopsif_browsertest.dwo
[0/338] 33.75s S CXX obj/content/test/content_browsertests/storage_access_browsertest.o obj/content/test/content_browsertests/storage_access_browsertest.dwo
[0/338] 33.75s S CXX obj/content/test/content_browsertests/gpu_ipc_browsertest.o obj/content/test/content_browsertests/gpu_ipc_browsertest.dwo
[0/338] 33.75s S CXX obj/content/test/content_browsertests/cross_origin_opener_policy_browsertest.o obj/content/test/content_browsertests/cross_origin_opener_policy_browsertest.dwo
[0/338] 33.75s S CXX obj/content/test/content_browsertests/composited_scrolling_browsertest.o obj/content/test/content_browsertests/composited_scrolling_browsertest.dwo
[0/338] 33.75s S CXX obj/content/test/content_browsertests/devtools_video_consumer_browsertest.o obj/content/test/content_browsertests/devtools_video_consumer_browsertest.dwo
[0/338] 33.75s S CXX obj/content/test/content_browsertests/site_per_process_accessibility_browsertest.o obj/content/test/content_browsertests/site_per_process_accessibility_browsertest.dwo
[0/338] 33.76s S CXX obj/content/test/content_browsertests/render_frame_host_manager_browsertest.o obj/content/test/content_browsertests/render_frame_host_manager_browsertest.dwo
[0/338] 33.76s S CXX obj/content/test/content_browsertests/file_system_url_loader_factory_browsertest.o obj/content/test/content_browsertests/file_system_url_loader_factory_browsertest.dwo
[0/338] 33.76s S CXX obj/content/test/content_browsertests/service_worker_internals_ui_browsertest.o obj/content/test/content_browsertests/service_worker_internals_ui_browsertest.dwo
[0/336] 33.76s S CXX obj/content/test/content_browsertests/network_service_restart_browsertest.o obj/content/test/content_browsertests/network_service_restart_browsertest.dwo
[0/336] 33.76s S CXX obj/content/test/content_browsertests/cookie_browsertest.o obj/content/test/content_browsertests/cookie_browsertest.dwo
[0/336] 33.76s S CXX obj/content/test/content_browsertests/find_request_manager_browsertest.o obj/content/test/content_browsertests/find_request_manager_browsertest.dwo
[0/332] 33.77s S CXX obj/content/test/content_browsertests/audio_service_browsertest.o obj/content/test/content_browsertests/audio_service_browsertest.dwo
[0/329] 33.77s S CXX obj/content/test/content_browsertests/file_system_url_drag_drop_browsertest.o obj/content/test/content_browsertests/file_system_url_drag_drop_browsertest.dwo
[0/329] 33.77s S CXX obj/content/test/content_browsertests/navigation_fast_fetch_manager_browsertest.o obj/content/test/content_browsertests/navigation_fast_fetch_manager_browsertest.dwo
[0/329] 33.77s S CXX obj/content/test/content_browsertests/snapshot_browsertest.o obj/content/test/content_browsertests/snapshot_browsertest.dwo
[0/329] 33.78s S CXX obj/content/test/content_browsertests/site_per_process_layout_browsertest.o obj/content/test/content_browsertests/site_per_process_layout_browsertest.dwo
[0/329] 33.78s S CXX obj/content/test/content_browsertests/interest_group_browsertest.o obj/content/test/content_browsertests/interest_group_browsertest.dwo
[0/329] 33.78s S CXX obj/content/test/content_browsertests/screen_orientation_browsertest.o obj/content/test/content_browsertests/screen_orientation_browsertest.dwo
[0/329] 33.78s S CXX obj/content/test/content_browsertests/network_service_browsertest.o obj/content/test/content_browsertests/network_service_browsertest.dwo
[0/329] 33.78s S CXX obj/content/test/content_browsertests/file_system_chooser_browsertest.o obj/content/test/content_browsertests/file_system_chooser_browsertest.dwo
[0/329] 33.78s S CXX obj/content/test/content_browsertests/wheel_scroll_latching_browsertest.o obj/content/test/content_browsertests/wheel_scroll_latching_browsertest.dwo
[0/329] 33.78s S CXX obj/content/test/content_browsertests/render_frame_host_impl_browsertest.o obj/content/test/content_browsertests/render_frame_host_impl_browsertest.dwo
[0/329] 33.78s S CXX obj/content/test/content_browsertests/cross_platform_accessibility_browsertest.o obj/content/test/content_browsertests/cross_platform_accessibility_browsertest.dwo
[0/329] 33.78s S CXX obj/content/test/content_browsertests/devtools_issue_storage_browsertest.o obj/content/test/content_browsertests/devtools_issue_storage_browsertest.dwo
[0/329] 33.78s S CXX obj/content/test/content_browsertests/dump_accessibility_events_browsertest.o obj/content/test/content_browsertests/dump_accessibility_events_browsertest.dwo
[0/329] 33.78s S CXX obj/content/test/content_browsertests/service_worker_file_upload_browsertest.o obj/content/test/content_browsertests/service_worker_file_upload_browsertest.dwo
[0/461] 33.61s S CXX obj/content/test/content_browsertests/speech_synthesis_impl_browsertest.o obj/content/test/content_browsertests/speech_synthesis_impl_browsertest.dwo
[0/329] 33.77s S CXX obj/content/test/content_browsertests/dump_accessibility_node_browsertest.o obj/content/test/content_browsertests/dump_accessibility_node_browsertest.dwo
[0/328] 33.79s S CXX obj/content/test/content_browsertests/browsing_context_group_swap_browsertest.o obj/content/test/content_browsertests/browsing_context_group_swap_browsertest.dwo
[0/323] 33.79s S CXX obj/content/test/content_browsertests/browser_child_process_observer_browsertest.o obj/content/test/content_browsertests/browser_child_process_observer_browsertest.dwo
[0/323] 33.80s S CXX obj/content/test/content_browsertests/file_system_browsertest.o obj/content/test/content_browsertests/file_system_browsertest.dwo
[0/323] 33.80s S CXX obj/content/test/content_browsertests/accessibility_ipc_error_browsertest.o obj/content/test/content_browsertests/accessibility_ipc_error_browsertest.dwo
[0/323] 33.80s S CXX obj/content/test/content_browsertests/prerender_browsertest.o obj/content/test/content_browsertests/prerender_browsertest.dwo
[0/322] 33.80s S CXX obj/content/test/content_browsertests/ancestor_throttle_browsertest.o obj/content/test/content_browsertests/ancestor_throttle_browsertest.dwo
[0/321] 33.80s S CXX obj/content/test/content_browsertests/prerenderer_impl_browsertest.o obj/content/test/content_browsertests/prerenderer_impl_browsertest.dwo
[0/321] 33.80s S CXX obj/content/test/content_browsertests/hit_testing_browsertest.o obj/content/test/content_browsertests/hit_testing_browsertest.dwo
[0/321] 33.80s S CXX obj/content/test/content_browsertests/blob_url_browsertest.o obj/content/test/content_browsertests/blob_url_browsertest.dwo
[0/321] 33.80s S CXX obj/content/test/content_browsertests/loader_browsertest.o obj/content/test/content_browsertests/loader_browsertest.dwo
[0/321] 33.80s S CXX obj/content/test/content_browsertests/accessibility_mode_browsertest.o obj/content/test/content_browsertests/accessibility_mode_browsertest.dwo
[0/321] 33.80s S CXX obj/content/test/content_browsertests/blob_storage_browsertest.o obj/content/test/content_browsertests/blob_storage_browsertest.dwo
[0/321] 33.80s S CXX obj/content/test/content_browsertests/site_per_process_hit_test_browsertest.o obj/content/test/content_browsertests/site_per_process_hit_test_browsertest.dwo
[0/321] 33.81s S CXX obj/content/test/content_browsertests/dump_accessibility_browsertest_base.o obj/content/test/content_browsertests/dump_accessibility_browsertest_base.dwo
[0/321] 33.81s S CXX obj/content/test/content_browsertests/drag_download_file_browsertest.o obj/content/test/content_browsertests/drag_download_file_browsertest.dwo
[0/321] 33.81s S CXX obj/content/test/content_browsertests/accessibility_content_browsertest.o obj/content/test/content_browsertests/accessibility_content_browsertest.dwo
[0/321] 33.80s S CXX obj/content/test/content_browsertests/blocked_scheme_navigation_browsertest.o obj/content/test/content_browsertests/blocked_scheme_navigation_browsertest.dwo
[0/321] 33.81s S CXX obj/content/test/content_browsertests/process_internals_browsertest.o obj/content/test/content_browsertests/process_internals_browsertest.dwo
[0/321] 33.81s S CXX obj/content/test/content_browsertests/trigger_registration_browsertest.o obj/content/test/content_browsertests/trigger_registration_browsertest.dwo
[0/320] 33.82s S CXX obj/content/test/content_browsertests/trust_token_browsertest.o obj/content/test/content_browsertests/trust_token_browsertest.dwo
[0/320] 33.83s S CXX obj/content/test/content_browsertests/devtools_trust_token_browsertest.o obj/content/test/content_browsertests/devtools_trust_token_browsertest.dwo
[0/320] 33.84s S CXX obj/content/test/content_browsertests/mhtml_generation_browsertest.o obj/content/test/content_browsertests/mhtml_generation_browsertest.dwo
[0/320] 33.84s S CXX obj/content/test/content_browsertests/web_bluetooth_service_impl_browsertest.o obj/content/test/content_browsertests/web_bluetooth_service_impl_browsertest.dwo
[0/320] 33.87s S CXX obj/content/test/content_browsertests/accessibility_action_browsertest.o obj/content/test/content_browsertests/accessibility_action_browsertest.dwo
[0/320] 33.87s S CXX obj/content/test/content_browsertests/fenced_frame_browsertest.o obj/content/test/content_browsertests/fenced_frame_browsertest.dwo
[0/320] 33.87s S CXX obj/content/test/content_browsertests/source_declaration_browsertest.o obj/content/test/content_browsertests/source_declaration_browsertest.dwo
[0/320] 33.88s S CXX obj/content/test/content_browsertests/save_package_browsertest.o obj/content/test/content_browsertests/save_package_browsertest.dwo
[0/320] 33.88s S CXX obj/content/test/content_browsertests/privacy_sandbox_ads_apis_browsertest.o obj/content/test/content_browsertests/privacy_sandbox_ads_apis_browsertest.dwo
[0/320] 33.89s S CXX obj/content/test/content_browsertests/btm_helper_browsertest.o obj/content/test/content_browsertests/btm_helper_browsertest.dwo
[0/318] 33.89s S CXX obj/content/test/content_browsertests/autoscroll_browsertest.o obj/content/test/content_browsertests/autoscroll_browsertest.dwo
[0/317] 33.90s S CXX obj/content/test/content_browsertests/site_per_process_mixed_content_browsertest.o obj/content/test/content_browsertests/site_per_process_mixed_content_browsertest.dwo
[0/316] 33.90s S CXX obj/content/test/content_browsertests/cross_site_transfer_browsertest.o obj/content/test/content_browsertests/cross_site_transfer_browsertest.dwo
[0/314] 33.91s S CXX obj/content/test/content_browsertests/btm_test_utils_browsertest.o obj/content/test/content_browsertests/btm_test_utils_browsertest.dwo
[0/314] 33.91s S CXX obj/content/test/content_browsertests/content_security_policy_browsertest.o obj/content/test/content_browsertests/content_security_policy_browsertest.dwo
[0/313] 33.91s S CXX obj/content/test/content_browsertests/close_listener_host_browsertest.o obj/content/test/content_browsertests/close_listener_host_browsertest.dwo
[0/313] 33.91s S CXX obj/content/test/content_browsertests/child_process_launcher_browsertest.o obj/content/test/content_browsertests/child_process_launcher_browsertest.dwo
[0/312] 33.91s S CXX obj/content/test/content_browsertests/generated_code_cache_browsertest.o obj/content/test/content_browsertests/generated_code_cache_browsertest.dwo
[0/312] 33.91s S CXX obj/content/test/content_browsertests/btm_bounce_detector_browsertest.o obj/content/test/content_browsertests/btm_bounce_detector_browsertest.dwo
[0/312] 33.91s S CXX obj/content/test/content_browsertests/inline_script_code_cache_browsertest.o obj/content/test/content_browsertests/inline_script_code_cache_browsertest.dwo
[0/312] 33.92s S CXX obj/content/test/content_browsertests/browsing_topics_browsertest.o obj/content/test/content_browsertests/browsing_topics_browsertest.dwo
[0/312] 33.92s S CXX obj/content/test/content_browsertests/browsing_data_remover_impl_browsertest.o obj/content/test/content_browsertests/browsing_data_remover_impl_browsertest.dwo
[0/312] 38.42s F CXX obj/media/cdm/library_cdm/clear_key_cdm/clear_key_cdm_bin/cdm_video_decoder.o obj/media/cdm/library_cdm/clear_key_cdm/clear_key_cdm_bin/cdm_video_decoder.dwo
[0/312] 38.42s S SOLINK_MODULE ClearKeyCdm/_platform_specific/linux_x64/libclearkeycdm.so
[1/312] 39.05s F SOLINK_MODULE ClearKeyCdm/_platform_specific/linux_x64/libclearkeycdm.so
[2/312] 41.76s F CXX obj/content/test/content_browsertests/test_shared_storage_worklet_host.o obj/content/test/content_browsertests/test_shared_storage_worklet_host.dwo
[3/312] 45.78s F CXX obj/content/test/content_browsertests/content_main_runner_impl_browsertest.o obj/content/test/content_browsertests/content_main_runner_impl_browsertest.dwo
[4/312] 49.77s F CXX obj/content/browser/browser/devtools_url_loader_interceptor.o obj/content/browser/browser/devtools_url_loader_interceptor.dwo
[5/312] 50.56s F CXX obj/content/test/content_browsertests/session_metrics_browsertest.o obj/content/test/content_browsertests/session_metrics_browsertest.dwo
[6/312] 50.67s F CXX obj/content/test/content_browsertests/dns_https_protocol_upgrade_browsertest.o obj/content/test/content_browsertests/dns_https_protocol_upgrade_browsertest.dwo
[7/312] 50.77s F CXX obj/content/test/content_browsertests/render_widget_browsertest.o obj/content/test/content_browsertests/render_widget_browsertest.dwo
[8/312] 50.80s F CXX obj/content/test/content_browsertests/memory_tracing_browsertest.o obj/content/test/content_browsertests/memory_tracing_browsertest.dwo
[9/312] 51.03s F CXX obj/content/test/content_browsertests/preloading_decider_browsertest.o obj/content/test/content_browsertests/preloading_decider_browsertest.dwo
[10/312] 51.58s F CXX obj/content/test/content_browsertests/render_thread_impl_discardable_memory_browsertest.o obj/content/test/content_browsertests/render_thread_impl_discardable_memory_browsertest.dwo
[11/312] 52.24s F CXX obj/content/test/content_browsertests/render_thread_impl_browsertest.o obj/content/test/content_browsertests/render_thread_impl_browsertest.dwo
[12/312] 52.45s F CXX obj/content/test/content_browsertests/tracing_end_to_end_browsertest.o obj/content/test/content_browsertests/tracing_end_to_end_browsertest.dwo
[13/312] 55.27s F CXX obj/content/test/content_browsertests/audio_context_manager_browsertest.o obj/content/test/content_browsertests/audio_context_manager_browsertest.dwo
[14/312] 57.62s F CXX obj/content/test/content_browsertests/battery_monitor_browsertest.o obj/content/test/content_browsertests/battery_monitor_browsertest.dwo
[15/312] 59.02s F CXX obj/content/test/content_browsertests/webid_browsertest.o obj/content/test/content_browsertests/webid_browsertest.dwo
[16/312] 59.16s F CXX obj/content/browser/browser/video_capture_host.o obj/content/browser/browser/video_capture_host.dwo
[17/312] 1m00.95s F CXX obj/content/test/content_browsertests/webrtc_data_browsertest.o obj/content/test/content_browsertests/webrtc_data_browsertest.dwo
[18/312] 1m01.01s F CXX obj/content/test/content_browsertests/webrtc_browsertest.o obj/content/test/content_browsertests/webrtc_browsertest.dwo
[19/312] 1m01.19s F CXX obj/content/test/content_browsertests/wheel_event_listener_browsertest.o obj/content/test/content_browsertests/wheel_event_listener_browsertest.dwo
[20/312] 1m01.20s F CXX obj/content/test/content_browsertests/webrtc_content_browsertest_base.o obj/content/test/content_browsertests/webrtc_content_browsertest_base.dwo
[21/312] 1m01.24s F CXX obj/content/test/content_browsertests/test_shared_storage_runtime_manager.o obj/content/test/content_browsertests/test_shared_storage_runtime_manager.dwo
[22/312] 1m01.84s F CXX obj/content/test/content_browsertests/touch_action_browsertest.o obj/content/test/content_browsertests/touch_action_browsertest.dwo
[23/312] 1m01.96s F CXX obj/content/test/content_browsertests/message_port_close_event_browsertest.o obj/content/test/content_browsertests/message_port_close_event_browsertest.dwo
[24/312] 1m02.56s F CXX obj/content/test/content_browsertests/navigation_mhtml_browsertest.o obj/content/test/content_browsertests/navigation_mhtml_browsertest.dwo
[25/312] 1m02.58s F CXX obj/content/test/content_browsertests/background_resource_fetch_browsertest.o obj/content/test/content_browsertests/background_resource_fetch_browsertest.dwo
[26/312] 1m03.18s F CXX obj/content/test/content_browsertests/site_instance_group_browsertest.o obj/content/test/content_browsertests/site_instance_group_browsertest.dwo
[27/312] 1m03.26s F CXX obj/content/test/content_browsertests/accessibility_auralinux_browsertest.o obj/content/test/content_browsertests/accessibility_auralinux_browsertest.dwo
[28/312] 1m05.53s F CXX obj/content/test/content_browsertests/webrtc_stress_source_switch_browsertest.o obj/content/test/content_browsertests/webrtc_stress_source_switch_browsertest.dwo
[29/307] 1m06.42s F CXX obj/content/browser/browser/media_stream_manager.o obj/content/browser/browser/media_stream_manager.dwo
[30/307] 1m06.44s S SOLINK ./libcontent.so
[30/307] 1m06.55s F CXX obj/content/test/content_browsertests/nav_prefetch_browsertest.o obj/content/test/content_browsertests/nav_prefetch_browsertest.dwo
[31/307] 1m07.14s F CXX obj/content/test/content_browsertests/render_widget_host_view_aura_vk_browsertest.o obj/content/test/content_browsertests/render_widget_host_view_aura_vk_browsertest.dwo
[32/307] 1m08.18s F CXX obj/content/test/content_browsertests/download_browsertest.o obj/content/test/content_browsertests/download_browsertest.dwo
[33/307] 1m10.62s F CXX obj/content/test/content_browsertests/inline_script_code_cache_browsertest.o obj/content/test/content_browsertests/inline_script_code_cache_browsertest.dwo
[34/307] 1m13.68s F CXX obj/content/test/content_browsertests/close_listener_host_browsertest.o obj/content/test/content_browsertests/close_listener_host_browsertest.dwo
[35/307] 1m13.71s F CXX obj/content/test/content_browsertests/navigation_browsertest.o obj/content/test/content_browsertests/navigation_browsertest.dwo
[36/307] 1m14.18s F CXX obj/content/test/content_browsertests/child_process_launcher_browsertest.o obj/content/test/content_browsertests/child_process_launcher_browsertest.dwo
[37/307] 1m15.29s F CXX obj/content/test/content_browsertests/btm_test_utils_browsertest.o obj/content/test/content_browsertests/btm_test_utils_browsertest.dwo
[38/307] 1m18.86s F CXX obj/content/test/content_browsertests/cross_site_transfer_browsertest.o obj/content/test/content_browsertests/cross_site_transfer_browsertest.dwo
[39/307] 1m18.87s F CXX obj/content/test/content_browsertests/browsing_topics_browsertest.o obj/content/test/content_browsertests/browsing_topics_browsertest.dwo
[40/307] 1m19.37s F CXX obj/content/test/content_browsertests/btm_bounce_detector_browsertest.o obj/content/test/content_browsertests/btm_bounce_detector_browsertest.dwo
[41/307] 1m19.47s F CXX obj/content/test/content_browsertests/autoscroll_browsertest.o obj/content/test/content_browsertests/autoscroll_browsertest.dwo
[42/307] 1m19.82s F CXX obj/content/test/content_browsertests/generated_code_cache_browsertest.o obj/content/test/content_browsertests/generated_code_cache_browsertest.dwo
[43/307] 1m20.13s F CXX obj/content/test/content_browsertests/browsing_data_remover_impl_browsertest.o obj/content/test/content_browsertests/browsing_data_remover_impl_browsertest.dwo
[44/307] 1m20.93s F CXX obj/content/test/content_browsertests/btm_helper_browsertest.o obj/content/test/content_browsertests/btm_helper_browsertest.dwo
[45/307] 1m20.94s F CXX obj/content/test/content_browsertests/site_per_process_mixed_content_browsertest.o obj/content/test/content_browsertests/site_per_process_mixed_content_browsertest.dwo
[46/307] 1m21.35s F CXX obj/content/test/content_browsertests/content_security_policy_browsertest.o obj/content/test/content_browsertests/content_security_policy_browsertest.dwo
[47/307] 1m26.42s F CXX obj/content/test/content_browsertests/dump_accessibility_node_browsertest.o obj/content/test/content_browsertests/dump_accessibility_node_browsertest.dwo
[48/307] 1m27.78s F CXX obj/content/test/content_browsertests/speech_synthesis_impl_browsertest.o obj/content/test/content_browsertests/speech_synthesis_impl_browsertest.dwo
[49/307] 1m29.11s F CXX obj/content/test/content_browsertests/privacy_sandbox_ads_apis_browsertest.o obj/content/test/content_browsertests/privacy_sandbox_ads_apis_browsertest.dwo
[50/307] 1m29.49s F CXX obj/content/test/content_browsertests/web_bluetooth_service_impl_browsertest.o obj/content/test/content_browsertests/web_bluetooth_service_impl_browsertest.dwo
[51/307] 1m29.71s F CXX obj/content/test/content_browsertests/snapshot_ax_tree_browsertest.o obj/content/test/content_browsertests/snapshot_ax_tree_browsertest.dwo
[52/307] 1m29.87s F CXX obj/content/test/content_browsertests/drag_download_file_browsertest.o obj/content/test/content_browsertests/drag_download_file_browsertest.dwo
[53/307] 1m30.15s F CXX obj/content/test/content_browsertests/accessibility_action_browsertest.o obj/content/test/content_browsertests/accessibility_action_browsertest.dwo
[54/307] 1m30.58s F CXX obj/content/test/content_browsertests/save_package_browsertest.o obj/content/test/content_browsertests/save_package_browsertest.dwo
[55/307] 1m30.84s F CXX obj/content/test/content_browsertests/source_declaration_browsertest.o obj/content/test/content_browsertests/source_declaration_browsertest.dwo
[56/307] 1m31.18s F SOLINK ./libcontent.so
[57/248] 1m31.21s F CXX obj/content/test/content_browsertests/mhtml_generation_browsertest.o obj/content/test/content_browsertests/mhtml_generation_browsertest.dwo
[58/248] 1m34.11s F CXX obj/content/test/content_browsertests/navigation_policy_container_builder_browsertest.o obj/content/test/content_browsertests/navigation_policy_container_builder_browsertest.dwo
[59/248] 1m34.38s F CXX obj/content/test/content_browsertests/site_per_process_accessibility_browsertest.o obj/content/test/content_browsertests/site_per_process_accessibility_browsertest.dwo
[60/248] 1m36.41s F CXX obj/content/test/content_browsertests/scoped_accessibility_mode_browsertest.o obj/content/test/content_browsertests/scoped_accessibility_mode_browsertest.dwo
[61/248] 1m37.80s F CXX obj/content/test/content_browsertests/local_network_access_browsertest.o obj/content/test/content_browsertests/local_network_access_browsertest.dwo
[62/248] 1m37.80s F CXX obj/content/test/content_browsertests/sms_browsertest.o obj/content/test/content_browsertests/sms_browsertest.dwo
[63/248] 1m38.27s F CXX obj/content/test/content_browsertests/file_system_access_clipboard_browsertest.o obj/content/test/content_browsertests/file_system_access_clipboard_browsertest.dwo
[64/248] 1m38.69s F CXX obj/content/test/content_browsertests/attribution_src_browsertest.o obj/content/test/content_browsertests/attribution_src_browsertest.dwo
[65/248] 1m41.12s F CXX obj/content/test/content_browsertests/navigation_request_browsertest.o obj/content/test/content_browsertests/navigation_request_browsertest.dwo
[66/248] 1m42.53s F CXX obj/content/test/content_browsertests/input_event_browsertest.o obj/content/test/content_browsertests/input_event_browsertest.dwo
[67/248] 1m43.89s F CXX obj/content/test/content_browsertests/site_per_process_scroll_browsertest.o obj/content/test/content_browsertests/site_per_process_scroll_browsertest.dwo
[68/248] 1m44.53s F CXX obj/content/test/content_browsertests/fenced_frame_browsertest.o obj/content/test/content_browsertests/fenced_frame_browsertest.dwo
[69/248] 1m46.24s F CXX obj/content/test/content_browsertests/cookie_browsertest.o obj/content/test/content_browsertests/cookie_browsertest.dwo
[70/248] 1m47.09s F CXX obj/content/test/content_browsertests/file_system_url_drag_drop_browsertest.o obj/content/test/content_browsertests/file_system_url_drag_drop_browsertest.dwo
[71/248] 1m47.12s F CXX obj/content/test/content_browsertests/fullscreen_browsertest.o obj/content/test/content_browsertests/fullscreen_browsertest.dwo
[72/248] 1m47.25s F CXX obj/content/test/content_browsertests/snapshot_browsertest.o obj/content/test/content_browsertests/snapshot_browsertest.dwo
[73/248] 1m48.13s F CXX obj/content/test/content_browsertests/performance_timeline_browsertest.o obj/content/test/content_browsertests/performance_timeline_browsertest.dwo
[74/248] 1m48.13s F CXX obj/content/test/content_browsertests/indexed_db_transaction_feature_observer_browsertest.o obj/content/test/content_browsertests/indexed_db_transaction_feature_observer_browsertest.dwo
[75/248] 1m48.81s F CXX obj/content/test/content_browsertests/devtools_trust_token_browsertest.o obj/content/test/content_browsertests/devtools_trust_token_browsertest.dwo
[76/248] 1m50.04s F CXX obj/content/test/content_browsertests/process_internals_browsertest.o obj/content/test/content_browsertests/process_internals_browsertest.dwo
[77/248] 1m52.01s F CXX obj/content/test/content_browsertests/audio_service_browsertest.o obj/content/test/content_browsertests/audio_service_browsertest.dwo
[78/248] 1m53.07s F CXX obj/content/test/content_browsertests/accessibility_content_browsertest.o obj/content/test/content_browsertests/accessibility_content_browsertest.dwo
[79/248] 1m54.70s F CXX obj/content/test/content_browsertests/devtools_protocol_browsertest.o obj/content/test/content_browsertests/devtools_protocol_browsertest.dwo
[80/248] 1m56.77s F CXX obj/content/test/content_browsertests/trust_token_browsertest.o obj/content/test/content_browsertests/trust_token_browsertest.dwo
[81/248] 1m58.49s F CXX obj/content/test/content_browsertests/scroll_latency_browsertest.o obj/content/test/content_browsertests/scroll_latency_browsertest.dwo
[82/248] 1m59.04s F CXX obj/content/test/content_browsertests/navigation_controller_history_intervention_browsertest.o obj/content/test/content_browsertests/navigation_controller_history_intervention_browsertest.dwo
[83/248] 1m59.18s F CXX obj/content/test/content_browsertests/blocked_scheme_navigation_browsertest.o obj/content/test/content_browsertests/blocked_scheme_navigation_browsertest.dwo
[84/248] 1m59.37s F CXX obj/content/test/content_browsertests/hit_testing_browsertest.o obj/content/test/content_browsertests/hit_testing_browsertest.dwo
[85/248] 1m59.38s F CXX obj/content/test/content_browsertests/dump_accessibility_browsertest_base.o obj/content/test/content_browsertests/dump_accessibility_browsertest_base.dwo
[86/248] 2m01.05s F CXX obj/content/test/content_browsertests/trigger_registration_browsertest.o obj/content/test/content_browsertests/trigger_registration_browsertest.dwo
[87/248] 2m01.58s F CXX obj/content/test/content_browsertests/devtools_video_consumer_browsertest.o obj/content/test/content_browsertests/devtools_video_consumer_browsertest.dwo
[88/248] 2m01.84s F CXX obj/content/test/content_browsertests/keep_alive_url_browsertest.o obj/content/test/content_browsertests/keep_alive_url_browsertest.dwo
[89/248] 2m05.25s F CXX obj/content/test/content_browsertests/line_layout_browsertest.o obj/content/test/content_browsertests/line_layout_browsertest.dwo
[90/248] 2m05.81s F CXX obj/content/test/content_browsertests/dump_accessibility_events_browsertest.o obj/content/test/content_browsertests/dump_accessibility_events_browsertest.dwo
[91/248] 2m05.95s F CXX obj/content/test/content_browsertests/shared_storage_private_aggregation_browsertest.o obj/content/test/content_browsertests/shared_storage_private_aggregation_browsertest.dwo
[92/248] 2m06.28s F CXX obj/content/test/content_browsertests/accessibility_mode_browsertest.o obj/content/test/content_browsertests/accessibility_mode_browsertest.dwo
[93/248] 2m06.56s F CXX obj/content/test/content_browsertests/browsing_context_group_swap_browsertest.o obj/content/test/content_browsertests/browsing_context_group_swap_browsertest.dwo
[94/248] 2m07.16s F CXX obj/content/test/content_browsertests/ancestor_throttle_browsertest.o obj/content/test/content_browsertests/ancestor_throttle_browsertest.dwo
[95/248] 2m08.90s F CXX obj/content/test/content_browsertests/site_per_process_hit_test_browsertest.o obj/content/test/content_browsertests/site_per_process_hit_test_browsertest.dwo
[96/248] 2m09.76s F CXX obj/content/test/content_browsertests/blob_storage_browsertest.o obj/content/test/content_browsertests/blob_storage_browsertest.dwo
[97/248] 2m11.06s F CXX obj/content/test/content_browsertests/accessibility_ipc_error_browsertest.o obj/content/test/content_browsertests/accessibility_ipc_error_browsertest.dwo
[98/248] 2m14.15s F CXX obj/content/test/content_browsertests/browser_child_process_observer_browsertest.o obj/content/test/content_browsertests/browser_child_process_observer_browsertest.dwo
[99/248] 2m15.26s F CXX obj/content/test/content_browsertests/text_fragment_browsertest.o obj/content/test/content_browsertests/text_fragment_browsertest.dwo
[100/248] 2m15.44s F CXX obj/content/test/content_browsertests/screen_orientation_browsertest.o obj/content/test/content_browsertests/screen_orientation_browsertest.dwo
[101/248] 2m15.47s F CXX obj/content/test/content_browsertests/prerenderer_impl_browsertest.o obj/content/test/content_browsertests/prerenderer_impl_browsertest.dwo
[102/248] 2m16.31s F CXX obj/content/test/content_browsertests/prerender_browsertest.o obj/content/test/content_browsertests/prerender_browsertest.dwo
[103/248] 2m16.87s F CXX obj/content/test/content_browsertests/file_system_browsertest.o obj/content/test/content_browsertests/file_system_browsertest.dwo
[104/248] 2m17.02s F CXX obj/content/test/content_browsertests/loader_browsertest.o obj/content/test/content_browsertests/loader_browsertest.dwo
[105/248] 2m17.90s F CXX obj/content/test/content_browsertests/file_system_chooser_browsertest.o obj/content/test/content_browsertests/file_system_chooser_browsertest.dwo
[106/248] 2m18.22s F CXX obj/content/test/content_browsertests/cross_platform_accessibility_browsertest.o obj/content/test/content_browsertests/cross_platform_accessibility_browsertest.dwo
[107/248] 2m18.48s F CXX obj/content/test/content_browsertests/service_worker_file_upload_browsertest.o obj/content/test/content_browsertests/service_worker_file_upload_browsertest.dwo
[108/248] 2m18.86s F CXX obj/content/test/content_browsertests/blob_url_browsertest.o obj/content/test/content_browsertests/blob_url_browsertest.dwo
[109/248] 2m19.18s F CXX obj/content/test/content_browsertests/wheel_scroll_latching_browsertest.o obj/content/test/content_browsertests/wheel_scroll_latching_browsertest.dwo
[110/248] 2m21.62s F CXX obj/content/test/content_browsertests/devtools_fetch_get_response_body_browsertest.o obj/content/test/content_browsertests/devtools_fetch_get_response_body_browsertest.dwo
[111/248] 2m22.94s F CXX obj/content/test/content_browsertests/devtools_issue_storage_browsertest.o obj/content/test/content_browsertests/devtools_issue_storage_browsertest.dwo
[112/248] 2m26.25s F CXX obj/content/test/content_browsertests/mouse_latency_browsertest.o obj/content/test/content_browsertests/mouse_latency_browsertest.dwo
[113/248] 2m28.86s F CXX obj/content/test/content_browsertests/file_system_access_observer_browsertest.o obj/content/test/content_browsertests/file_system_access_observer_browsertest.dwo
[114/248] 2m29.28s F CXX obj/content/test/content_browsertests/find_request_manager_browsertest.o obj/content/test/content_browsertests/find_request_manager_browsertest.dwo
[115/248] 2m29.49s F CXX obj/content/test/content_browsertests/network_service_restart_browsertest.o obj/content/test/content_browsertests/network_service_restart_browsertest.dwo
[116/248] 2m29.77s F CXX obj/content/test/content_browsertests/fling_browsertest.o obj/content/test/content_browsertests/fling_browsertest.dwo
[117/248] 2m29.92s F CXX obj/content/test/content_browsertests/network_service_browsertest.o obj/content/test/content_browsertests/network_service_browsertest.dwo
[118/248] 2m30.89s F CXX obj/content/test/content_browsertests/site_per_process_layout_browsertest.o obj/content/test/content_browsertests/site_per_process_layout_browsertest.dwo
[119/248] 2m32.32s F CXX obj/content/test/content_browsertests/render_frame_host_impl_browsertest.o obj/content/test/content_browsertests/render_frame_host_impl_browsertest.dwo
[120/248] 2m32.65s F CXX obj/content/test/content_browsertests/webrtc_stress_pause_browsertest.o obj/content/test/content_browsertests/webrtc_stress_pause_browsertest.dwo
[121/248] 2m32.97s F CXX obj/content/test/content_browsertests/navigation_early_hints_browsertest.o obj/content/test/content_browsertests/navigation_early_hints_browsertest.dwo
[122/248] 2m33.57s F CXX obj/content/test/content_browsertests/document_isolation_policy_browsertest.o obj/content/test/content_browsertests/document_isolation_policy_browsertest.dwo
[123/248] 2m34.90s F CXX obj/content/test/content_browsertests/navigation_fast_fetch_manager_browsertest.o obj/content/test/content_browsertests/navigation_fast_fetch_manager_browsertest.dwo
[124/248] 2m34.95s F CXX obj/content/test/content_browsertests/interest_group_browsertest.o obj/content/test/content_browsertests/interest_group_browsertest.dwo
[125/248] 2m38.08s F CXX obj/content/test/content_browsertests/scroll_behavior_browsertest.o obj/content/test/content_browsertests/scroll_behavior_browsertest.dwo
[126/248] 2m39.06s F CXX obj/content/test/content_browsertests/service_worker_internals_ui_browsertest.o obj/content/test/content_browsertests/service_worker_internals_ui_browsertest.dwo
[127/248] 2m39.69s F CXX obj/content/test/content_browsertests/file_system_url_loader_factory_browsertest.o obj/content/test/content_browsertests/file_system_url_loader_factory_browsertest.dwo
[128/248] 2m39.83s F CXX obj/content/test/content_browsertests/attributions_browsertest.o obj/content/test/content_browsertests/attributions_browsertest.dwo
[129/248] 2m40.32s F CXX obj/content/test/content_browsertests/render_frame_host_manager_browsertest.o obj/content/test/content_browsertests/render_frame_host_manager_browsertest.dwo
[130/248] 2m41.60s F CXX obj/content/test/content_browsertests/cross_origin_opener_policy_browsertest.o obj/content/test/content_browsertests/cross_origin_opener_policy_browsertest.dwo
[131/248] 2m42.89s F CXX obj/content/test/content_browsertests/webrtc_webcam_browsertest.o obj/content/test/content_browsertests/webrtc_webcam_browsertest.dwo
[132/248] 2m43.11s F CXX obj/content/test/content_browsertests/fetch_later_browsertest.o obj/content/test/content_browsertests/fetch_later_browsertest.dwo
[133/248] 2m43.76s F CXX obj/content/test/content_browsertests/initial_webui_browsertest.o obj/content/test/content_browsertests/initial_webui_browsertest.dwo
[134/248] 2m44.00s F CXX obj/content/test/content_browsertests/cspee_histogram_browsertest.o obj/content/test/content_browsertests/cspee_histogram_browsertest.dwo
[135/248] 2m44.55s F CXX obj/content/test/content_browsertests/storage_access_browsertest.o obj/content/test/content_browsertests/storage_access_browsertest.dwo
[136/248] 2m45.94s F CXX obj/content/test/content_browsertests/file_system_access_drag_drop_browsertest.o obj/content/test/content_browsertests/file_system_access_drag_drop_browsertest.dwo
[137/248] 2m45.96s F CXX obj/content/test/content_browsertests/back_forward_cache_basics_browsertest.o obj/content/test/content_browsertests/back_forward_cache_basics_browsertest.dwo
[138/248] 2m47.70s F CXX obj/content/test/content_browsertests/site_per_process_unload_browsertest.o obj/content/test/content_browsertests/site_per_process_unload_browsertest.dwo
[139/248] 2m48.33s F CXX obj/content/test/content_browsertests/site_per_process_oopsif_browsertest.o obj/content/test/content_browsertests/site_per_process_oopsif_browsertest.dwo
[140/248] 2m49.00s F CXX obj/content/test/content_browsertests/jit_policy_browsertest.o obj/content/test/content_browsertests/jit_policy_browsertest.dwo
[141/248] 2m49.23s F CXX obj/content/test/content_browsertests/devtools_network_resource_loader_browsertest.o obj/content/test/content_browsertests/devtools_network_resource_loader_browsertest.dwo
[142/248] 2m51.50s F CXX obj/content/test/content_browsertests/service_worker_process_browsertest.o obj/content/test/content_browsertests/service_worker_process_browsertest.dwo
[143/248] 2m51.79s F CXX obj/content/test/content_browsertests/view_transition_browsertest.o obj/content/test/content_browsertests/view_transition_browsertest.dwo
[144/248] 2m54.01s F CXX obj/content/test/content_browsertests/composited_scrolling_browsertest.o obj/content/test/content_browsertests/composited_scrolling_browsertest.dwo
[145/248] 2m56.61s F CXX obj/content/test/content_browsertests/gpu_ipc_browsertest.o obj/content/test/content_browsertests/gpu_ipc_browsertest.dwo
[146/248] 2m56.90s F CXX obj/content/test/content_browsertests/dump_accessibility_scripts_browsertest.o obj/content/test/content_browsertests/dump_accessibility_scripts_browsertest.dwo
[147/248] 2m57.19s F CXX obj/content/test/content_browsertests/compositor_event_ack_browsertest.o obj/content/test/content_browsertests/compositor_event_ack_browsertest.dwo
[148/248] 2m57.84s F CXX obj/content/test/content_browsertests/session_history_browsertest.o obj/content/test/content_browsertests/session_history_browsertest.dwo
[149/248] 2m57.86s F CXX obj/content/test/content_browsertests/touch_accessibility_aura_browsertest.o obj/content/test/content_browsertests/touch_accessibility_aura_browsertest.dwo
[150/248] 3m00.12s F CXX obj/content/test/content_browsertests/isolated_web_app_throttle_browsertest.o obj/content/test/content_browsertests/isolated_web_app_throttle_browsertest.dwo
[151/248] 3m00.12s F CXX obj/content/test/content_browsertests/touch_input_browsertest.o obj/content/test/content_browsertests/touch_input_browsertest.dwo
[152/248] 3m00.18s F CXX obj/content/test/content_browsertests/send_beacon_browsertest.o obj/content/test/content_browsertests/send_beacon_browsertest.dwo
[153/248] 3m00.88s F CXX obj/content/test/content_browsertests/main_thread_event_queue_browsertest.o obj/content/test/content_browsertests/main_thread_event_queue_browsertest.dwo
[154/248] 3m00.89s F CXX obj/content/test/content_browsertests/navigation_handle_user_data_browsertest.o obj/content/test/content_browsertests/navigation_handle_user_data_browsertest.dwo
[155/248] 3m01.62s F CXX obj/content/test/content_browsertests/font_unique_name_browsertest.o obj/content/test/content_browsertests/font_unique_name_browsertest.dwo
[156/248] 3m03.31s F CXX obj/content/test/content_browsertests/document_token_browsertest.o obj/content/test/content_browsertests/document_token_browsertest.dwo
[157/248] 3m04.91s F CXX obj/content/test/content_browsertests/initial_gpu_channel_browsertest.o obj/content/test/content_browsertests/initial_gpu_channel_browsertest.dwo
[158/248] 3m06.38s F CXX obj/content/test/content_browsertests/render_process_host_browsertest.o obj/content/test/content_browsertests/render_process_host_browsertest.dwo
[159/248] 3m06.76s F CXX obj/content/test/content_browsertests/performance_memory_browsertest.o obj/content/test/content_browsertests/performance_memory_browsertest.dwo
[160/248] 3m09.69s F CXX obj/content/test/content_browsertests/back_forward_cache_metrics_browsertest.o obj/content/test/content_browsertests/back_forward_cache_metrics_browsertest.dwo
[161/248] 3m09.99s F CXX obj/content/test/content_browsertests/fileapi_browsertest.o obj/content/test/content_browsertests/fileapi_browsertest.dwo
[162/248] 3m10.35s F CXX obj/content/test/content_browsertests/render_widget_host_view_child_frame_browsertest.o obj/content/test/content_browsertests/render_widget_host_view_child_frame_browsertest.dwo
[163/248] 3m11.92s F CXX obj/content/test/content_browsertests/child_process_security_policy_browsertest.o obj/content/test/content_browsertests/child_process_security_policy_browsertest.dwo
[164/248] 3m11.96s F CXX obj/content/test/content_browsertests/site_per_process_sad_frame_browsertest.o obj/content/test/content_browsertests/site_per_process_sad_frame_browsertest.dwo
[165/248] 3m12.74s F CXX obj/content/test/content_browsertests/back_forward_cache_internal_browsertest.o obj/content/test/content_browsertests/back_forward_cache_internal_browsertest.dwo
[166/248] 3m14.77s F CXX obj/content/test/content_browsertests/webrtc_getusermedia_browsertest.o obj/content/test/content_browsertests/webrtc_getusermedia_browsertest.dwo
[167/248] 3m15.43s F CXX obj/content/test/content_browsertests/navigation_throttle_browsertest.o obj/content/test/content_browsertests/navigation_throttle_browsertest.dwo
[168/248] 3m15.99s F CXX obj/content/test/content_browsertests/embedding_token_browsertest.o obj/content/test/content_browsertests/embedding_token_browsertest.dwo
[169/248] 3m16.23s F CXX obj/content/test/content_browsertests/surface_embed_connector_impl_browsertest.o obj/content/test/content_browsertests/surface_embed_connector_impl_browsertest.dwo
[170/248] 3m17.09s F CXX obj/content/test/content_browsertests/connection_allowlist_browsertest.o obj/content/test/content_browsertests/connection_allowlist_browsertest.dwo
[171/248] 3m17.38s F CXX obj/content/test/content_browsertests/framebusting_browsertest.o obj/content/test/content_browsertests/framebusting_browsertest.dwo
[172/248] 3m20.58s F CXX obj/content/test/content_browsertests/pointer_lock_browsertest.o obj/content/test/content_browsertests/pointer_lock_browsertest.dwo
[173/248] 3m21.12s F CXX obj/content/test/content_browsertests/render_process_host_shutdown_delay_browsertest.o obj/content/test/content_browsertests/render_process_host_shutdown_delay_browsertest.dwo
[174/248] 3m24.12s F CXX obj/content/test/content_browsertests/back_forward_cache_features_browsertest.o obj/content/test/content_browsertests/back_forward_cache_features_browsertest.dwo
[175/248] 3m25.82s F CXX obj/content/test/content_browsertests/dump_accessibility_tree_browsertest.o obj/content/test/content_browsertests/dump_accessibility_tree_browsertest.dwo
[176/248] 3m25.83s F CXX obj/content/test/content_browsertests/background_tracing_manager_browsertest.o obj/content/test/content_browsertests/background_tracing_manager_browsertest.dwo
[177/248] 3m27.11s F CXX obj/content/test/content_browsertests/back_forward_cache_limit_browsertest.o obj/content/test/content_browsertests/back_forward_cache_limit_browsertest.dwo
[178/248] 3m27.28s F CXX obj/content/test/content_browsertests/manifest_browsertest.o obj/content/test/content_browsertests/manifest_browsertest.dwo
[179/248] 3m27.33s F CXX obj/content/test/content_browsertests/indexed_db_browsertest.o obj/content/test/content_browsertests/indexed_db_browsertest.dwo
[180/248] 3m28.48s F CXX obj/content/test/content_browsertests/page_lifecycle_state_manager_browsertest.o obj/content/test/content_browsertests/page_lifecycle_state_manager_browsertest.dwo
[181/248] 3m28.54s F CXX obj/content/test/content_browsertests/document_service_browsertest.o obj/content/test/content_browsertests/document_service_browsertest.dwo
[182/248] 3m30.80s F CXX obj/content/test/content_browsertests/web_contents_view_aura_browsertest.o obj/content/test/content_browsertests/web_contents_view_aura_browsertest.dwo
[183/248] 3m31.61s F CXX obj/content/test/content_browsertests/origin_agent_cluster_browsertest.o obj/content/test/content_browsertests/origin_agent_cluster_browsertest.dwo
[184/248] 3m33.70s F CXX obj/content/test/content_browsertests/web_contents_impl_browsertest.o obj/content/test/content_browsertests/web_contents_impl_browsertest.dwo
[185/248] 3m34.12s F CXX obj/content/test/content_browsertests/render_view_host_browsertest.o obj/content/test/content_browsertests/render_view_host_browsertest.dwo
[186/248] 3m35.43s F CXX obj/content/test/content_browsertests/direct_sockets_tcp_browsertest.o obj/content/test/content_browsertests/direct_sockets_tcp_browsertest.dwo
[187/248] 3m36.44s F CXX obj/content/test/content_browsertests/shared_storage_browsertest.o obj/content/test/content_browsertests/shared_storage_browsertest.dwo
[188/248] 3m36.65s F CXX obj/content/test/content_browsertests/fullscreen_video_detection_browsertest.o obj/content/test/content_browsertests/fullscreen_video_detection_browsertest.dwo
[189/248] 3m38.26s F CXX obj/content/test/content_browsertests/back_forward_cache_browsertest.o obj/content/test/content_browsertests/back_forward_cache_browsertest.dwo
[190/248] 3m38.73s F CXX obj/content/test/content_browsertests/render_frame_devtools_agent_host_browsertest.o obj/content/test/content_browsertests/render_frame_devtools_agent_host_browsertest.dwo
[191/248] 3m40.11s F CXX obj/content/test/content_browsertests/navigation_controller_impl_browsertest.o obj/content/test/content_browsertests/navigation_controller_impl_browsertest.dwo
[192/248] 3m40.70s F CXX obj/content/test/content_browsertests/web_contents_observer_browsertest.o obj/content/test/content_browsertests/web_contents_observer_browsertest.dwo
[193/248] 3m40.99s F CXX obj/content/test/content_browsertests/local_network_access_deprecation_browsertest.o obj/content/test/content_browsertests/local_network_access_deprecation_browsertest.dwo
[194/248] 3m41.49s F CXX obj/content/test/content_browsertests/webkit_browsertest.o obj/content/test/content_browsertests/webkit_browsertest.dwo
[195/248] 3m41.88s F CXX obj/content/test/content_browsertests/back_forward_cache_network_request_browsertest.o obj/content/test/content_browsertests/back_forward_cache_network_request_browsertest.dwo
[196/248] 3m42.18s F CXX obj/content/test/content_browsertests/render_widget_host_browsertest.o obj/content/test/content_browsertests/render_widget_host_browsertest.dwo
[197/248] 3m44.24s F CXX obj/content/test/content_browsertests/security_exploit_browsertest.o obj/content/test/content_browsertests/security_exploit_browsertest.dwo
[198/248] 3m45.22s F CXX obj/content/test/content_browsertests/site_per_process_browsertest.o obj/content/test/content_browsertests/site_per_process_browsertest.dwo
[199/248] 3m45.72s F CXX obj/content/test/content_browsertests/render_document_host_browsertest.o obj/content/test/content_browsertests/render_document_host_browsertest.dwo
[200/248] 3m46.10s F CXX obj/content/test/content_browsertests/touch_selection_controller_client_aura_browsertest.o obj/content/test/content_browsertests/touch_selection_controller_client_aura_browsertest.dwo
[201/248] 3m46.18s F CXX obj/content/test/content_browsertests/document_user_data_browsertest.o obj/content/test/content_browsertests/document_user_data_browsertest.dwo
[202/248] 3m47.18s F CXX obj/content/test/content_browsertests/memory_instrumentation_browsertest.o obj/content/test/content_browsertests/memory_instrumentation_browsertest.dwo
[203/248] 3m48.27s F CXX obj/content/test/content_browsertests/scroll_tracing_browsertest.o obj/content/test/content_browsertests/scroll_tracing_browsertest.dwo
[204/248] 3m50.34s F CXX obj/content/test/content_browsertests/power_monitor_browsertest.o obj/content/test/content_browsertests/power_monitor_browsertest.dwo
[205/248] 3m50.38s F CXX obj/content/test/content_browsertests/page_impl_browsertest.o obj/content/test/content_browsertests/page_impl_browsertest.dwo
[206/248] 3m50.50s F CXX obj/content/test/content_browsertests/service_worker_browsertest.o obj/content/test/content_browsertests/service_worker_browsertest.dwo
[207/248] 3m50.67s F CXX obj/content/test/content_browsertests/back_forward_cache_not_restored_reasons_browsertest.o obj/content/test/content_browsertests/back_forward_cache_not_restored_reasons_browsertest.dwo
[208/248] 3m53.22s F CXX obj/content/test/content_browsertests/webrtc_stress_resolution_switch_browsertest.o obj/content/test/content_browsertests/webrtc_stress_resolution_switch_browsertest.dwo
[209/248] 3m54.44s F CXX obj/content/test/content_browsertests/signed_exchange_reporter_browsertest.o obj/content/test/content_browsertests/signed_exchange_reporter_browsertest.dwo
[210/248] 3m54.87s F CXX obj/content/test/content_browsertests/file_chooser_impl_browsertest.o obj/content/test/content_browsertests/file_chooser_impl_browsertest.dwo
[211/248] 3m58.28s F CXX obj/content/test/content_browsertests/render_widget_host_view_browsertest.o obj/content/test/content_browsertests/render_widget_host_view_browsertest.dwo
[212/248] 3m58.73s F CXX obj/content/test/content_browsertests/worker_browsertest.o obj/content/test/content_browsertests/worker_browsertest.dwo
[213/248] 3m58.81s F CXX obj/content/test/content_browsertests/dom_storage_browsertest.o obj/content/test/content_browsertests/dom_storage_browsertest.dwo
[214/248] 4m00.39s F CXX obj/content/test/content_browsertests/render_widget_host_view_aura_browsertest.o obj/content/test/content_browsertests/render_widget_host_view_aura_browsertest.dwo
[215/248] 4m00.56s F CXX obj/content/test/content_browsertests/shared_storage_browsertest_base.o obj/content/test/content_browsertests/shared_storage_browsertest_base.dwo
[216/248] 4m02.75s F CXX obj/content/test/content_browsertests/synthetic_input_browsertest.o obj/content/test/content_browsertests/synthetic_input_browsertest.dwo
[217/248] 4m02.75s F CXX obj/content/test/content_browsertests/internal_urls_browsertest.o obj/content/test/content_browsertests/internal_urls_browsertest.dwo
[218/248] 4m05.49s F CXX obj/content/test/content_browsertests/back_forward_cache_no_store_browsertest.o obj/content/test/content_browsertests/back_forward_cache_no_store_browsertest.dwo
[219/248] 4m06.06s F CXX obj/content/test/content_browsertests/scroll_into_view_browsertest.o obj/content/test/content_browsertests/scroll_into_view_browsertest.dwo
[220/248] 4m06.56s F CXX obj/content/test/content_browsertests/unassigned_site_instance_browsertest.o obj/content/test/content_browsertests/unassigned_site_instance_browsertest.dwo
[221/248] 4m07.00s F CXX obj/content/test/content_browsertests/site_per_process_devtools_browsertest.o obj/content/test/content_browsertests/site_per_process_devtools_browsertest.dwo
[222/248] 4m08.09s F CXX obj/content/test/content_browsertests/media_suspend_browsertest.o obj/content/test/content_browsertests/media_suspend_browsertest.dwo
[223/248] 4m09.08s F CXX obj/content/test/content_browsertests/keyboard_lock_browsertest.o obj/content/test/content_browsertests/keyboard_lock_browsertest.dwo
[224/248] 4m09.52s F CXX obj/content/test/content_browsertests/web_ui_navigation_browsertest.o obj/content/test/content_browsertests/web_ui_navigation_browsertest.dwo
[225/248] 4m10.99s F CXX obj/content/test/content_browsertests/policy_container_host_browsertest.o obj/content/test/content_browsertests/policy_container_host_browsertest.dwo
[226/248] 4m11.13s F CXX obj/content/test/content_browsertests/isolated_origin_browsertest.o obj/content/test/content_browsertests/isolated_origin_browsertest.dwo
[227/248] 4m11.52s F CXX obj/content/test/content_browsertests/contamination_delay_browsertest.o obj/content/test/content_browsertests/contamination_delay_browsertest.dwo
[228/248] 4m12.22s F CXX obj/content/test/content_browsertests/shared_storage_fenced_frame_browsertest.o obj/content/test/content_browsertests/shared_storage_fenced_frame_browsertest.dwo
[229/248] 4m12.88s F CXX obj/content/test/content_browsertests/zoom_browsertest.o obj/content/test/content_browsertests/zoom_browsertest.dwo
[230/248] 4m13.04s F CXX obj/content/test/content_browsertests/webrtc_ip_permissions_browsertest.o obj/content/test/content_browsertests/webrtc_ip_permissions_browsertest.dwo
[231/248] 4m13.44s F CXX obj/content/test/content_browsertests/cross_origin_opener_policy_reporting_browsertest.o obj/content/test/content_browsertests/cross_origin_opener_policy_reporting_browsertest.dwo
[232/248] 4m13.46s F CXX obj/content/test/content_browsertests/signed_exchange_request_handler_browsertest.o obj/content/test/content_browsertests/signed_exchange_request_handler_browsertest.dwo
[233/248] 4m13.96s F CXX obj/content/test/content_browsertests/split_cache_browsertest.o obj/content/test/content_browsertests/split_cache_browsertest.dwo
[234/248] 4m14.21s F CXX obj/content/test/content_browsertests/display_cutout_browsertest.o obj/content/test/content_browsertests/display_cutout_browsertest.dwo
[235/248] 4m14.46s F CXX obj/content/test/content_browsertests/signed_exchange_subresource_prefetch_browsertest.o obj/content/test/content_browsertests/signed_exchange_subresource_prefetch_browsertest.dwo
[236/248] 4m14.58s F CXX obj/content/test/content_browsertests/speculative_render_view_host_browsertest.o obj/content/test/content_browsertests/speculative_render_view_host_browsertest.dwo
[237/248] 4m15.82s F CXX obj/content/test/content_browsertests/web_ui_browsertest.o obj/content/test/content_browsertests/web_ui_browsertest.dwo
[238/248] 4m18.46s F CXX obj/content/test/content_browsertests/spare_render_process_host_manager_browsertest.o obj/content/test/content_browsertests/spare_render_process_host_manager_browsertest.dwo
[239/248] 4m18.76s F CXX obj/content/test/content_browsertests/web_ui_security_browsertest.o obj/content/test/content_browsertests/web_ui_security_browsertest.dwo
[240/248] 4m19.13s F CXX obj/content/test/content_browsertests/unbounded_element_browsertest.o obj/content/test/content_browsertests/unbounded_element_browsertest.dwo
[241/248] 4m19.30s F CXX obj/content/test/content_browsertests/proactively_swap_browsing_instances_browsertest.o obj/content/test/content_browsertests/proactively_swap_browsing_instances_browsertest.dwo
[242/248] 4m19.34s F CXX obj/content/test/content_browsertests/webrtc_audio_browsertest.o obj/content/test/content_browsertests/webrtc_audio_browsertest.dwo
[243/248] 4m20.08s F CXX obj/content/test/content_browsertests/webrtc_audio_debug_recordings_browsertest.o obj/content/test/content_browsertests/webrtc_audio_debug_recordings_browsertest.dwo
[244/248] 4m21.10s F CXX obj/content/test/content_browsertests/frame_tree_browsertest.o obj/content/test/content_browsertests/frame_tree_browsertest.dwo
[245/248] 4m22.35s F CXX obj/content/test/content_browsertests/media_session_impl_browsertest.o obj/content/test/content_browsertests/media_session_impl_browsertest.dwo
[246/248] 4m22.36s F CXX obj/content/test/content_browsertests/webauth_browsertest.o obj/content/test/content_browsertests/webauth_browsertest.dwo
[247/248] 4m22.38s S LINK ./content_browsertests
[247/248] 4m39.72s F LINK ./content_browsertests
build finished

	
local:248 remote:0 cache:0 cache-write:0(err:0) fallback:0 retry:0 skip:60791
fs: ops: 5293(err:249) / r:1261(err:0) 2.91GiB / w:3(err:0) 770.95KiB


 resource/capa used(err)  wait-avg |   s m |  serv-avg |   s m |
  localexec/32    245(0)  1m33.18s |▃  ▂▄█ |    28.62s |   ▂█  |
shutdown cloud logging/monitoring done 19.175µs

4m40.09s Build Succeeded: 248 steps - 0.89/s
BUILD_EXIT=0
TEST_START 2026-07-11T13:41:55Z
Note: Google Test filter = DevToolsFetchGetResponseBodyTest.*
[==========] Running 2 tests from 1 test suite.
[----------] Global test environment set-up.
[----------] 2 tests from DevToolsFetchGetResponseBodyTest, where TypeParam = 
[ RUN      ] DevToolsFetchGetResponseBodyTest.TimeBackOrderPostWithBodyDoesNotUseAfterFree
[5789:5789:0711/134221.681424:ERROR:components/leveldb_proto/public/proto_database_provider.h:101] In memory database cannot use the given database directory

DevTools listening on ws://127.0.0.1:35587/devtools/browser/a2c04602-65d2-432d-b538-b5fee096e58b
WARN: SystemInfo_vulkan.cpp:195 (HasKhronosValidationLayer): Vulkan validation layers are missing
[6203:6203:0711/134222.288726:WARNING:sandbox/policy/linux/sandbox_linux.cc:405] InitializeSandbox() called with multiple threads in process gpu-process.
[6203:6203:0711/134222.491766:WARNING:ui/gfx/linux/gbm_support_x11.cc:48] dri3 extension not supported.
=================================================================
==5789==ERROR: AddressSanitizer: heap-use-after-free on address 0x72a0872aeaa0 at pc 0x751178652ade bp 0x7ffdb6d02e00 sp 0x7ffdb6d02df8
READ of size 8 at 0x72a0872aeaa0 thread T0 (content_browser)
    #0 0x751178652add in std::__Cr::unique_ptr<content::RequestBodyCollector, std::__Cr::default_delete<content::RequestBodyCollector>>::reset[abi:sqn230000](content::RequestBodyCollector*) third_party/libc++/src/include/__memory/unique_ptr.h:292:21
    #1 0x7511786529dc in std::__Cr::unique_ptr<content::RequestBodyCollector, std::__Cr::default_delete<content::RequestBodyCollector>>::operator=[abi:sqn230000](std::__Cr::unique_ptr<content::RequestBodyCollector, std::__Cr::default_delete<content::RequestBodyCollector>>&&) third_party/libc++/src/include/__memory/unique_ptr.h:231:5
    #2 0x751178633c5e in content::InterceptionJob::NotifyClient(std::__Cr::unique_ptr<content::InterceptedRequestInfo, std::__Cr::default_delete<content::InterceptedRequestInfo>>) content/browser/devtools/devtools_url_loader_interceptor.cc:1763:29
    #3 0x7511786411dc in content::InterceptionJob::OnReceiveResponse(mojo::StructPtr<network::mojom::URLResponseHead>, mojo::ScopedHandleBase<mojo::DataPipeConsumerHandle>, std::__Cr::optional<mojo_base::BigBuffer>) content/browser/devtools/devtools_url_loader_interceptor.cc:1928:3
    #4 0x751173232e02 in network::mojom::URLLoaderClientStubDispatch::Accept(network::mojom::URLLoaderClient*, mojo::Message*) gen/services/network/public/mojom/url_loader.mojom.cc:1103:13
    #5 0x751173ac9246 in network::mojom::URLLoaderClientStub<mojo::RawPtrImplRefTraits<network::mojom::URLLoaderClient>>::Accept(mojo::Message*) gen/services/network/public/mojom/url_loader.mojom.h:286:12
    #6 0x7511e452d6be in mojo::InterfaceEndpointClient::HandleValidatedMessage(mojo::Message*) mojo/public/cpp/bindings/lib/interface_endpoint_client.cc:1085:54
    #7 0x7511e452c4a1 in mojo::InterfaceEndpointClient::HandleIncomingMessageThunk::Accept(mojo::Message*) mojo/public/cpp/bindings/lib/interface_endpoint_client.cc:383:18
    #8 0x7511e456bb58 in mojo::MessageDispatcher::Accept(mojo::Message*) mojo/public/cpp/bindings/lib/message_dispatcher.cc:44:19
    #9 0x7511e4533570 in mojo::InterfaceEndpointClient::HandleIncomingMessage(mojo::Message*) mojo/public/cpp/bindings/lib/interface_endpoint_client.cc:747:20
    #10 0x7511e4575d12 in mojo::internal::MultiplexRouter::ProcessIncomingMessage(mojo::internal::MultiplexRouter::MessageWrapper*, mojo::internal::MultiplexRouter::ClientCallBehavior, base::SequencedTaskRunner*) mojo/public/cpp/bindings/lib/multiplex_router.cc:1223:42
    #11 0x7511e4574a0e in mojo::internal::MultiplexRouter::Accept(mojo::Message*) mojo/public/cpp/bindings/lib/multiplex_router.cc:809:7
    #12 0x7511e456bb58 in mojo::MessageDispatcher::Accept(mojo::Message*) mojo/public/cpp/bindings/lib/message_dispatcher.cc:44:19
    #13 0x7511e44eb253 in mojo::Connector::DispatchMessage(mojo::ScopedHandleBase<mojo::MessageHandle>) mojo/public/cpp/bindings/lib/connector.cc:571:49
    #14 0x7511e44ece2a in mojo::Connector::ReadAllAvailableMessages() mojo/public/cpp/bindings/lib/connector.cc:632:14
    #15 0x7511e44ec7c2 in mojo::Connector::OnHandleReadyInternal(unsigned int) mojo/public/cpp/bindings/lib/connector.cc:452:3
    #16 0x7511e44ec635 in mojo::Connector::OnWatcherHandleReady(char const*, unsigned int) mojo/public/cpp/bindings/lib/connector.cc:418:3
    #17 0x7511e44fa365 in void base::internal::DecayedFunctorTraits<void (mojo::Connector::*)(char const*, unsigned int), mojo::Connector*, char const* const&>::Invoke<void (mojo::Connector::*)(char const*, unsigned int), mojo::Connector*, char const*, unsigned int>(void (mojo::Connector::*)(char const*, unsigned int), mojo::Connector*&&, char const*&&, unsigned int&&) base/functional/bind_internal.h:740:12
    #18 0x7511e44fa03e in void base::internal::InvokeHelper<false, base::internal::FunctorTraits<void (mojo::Connector::* const&)(char const*, unsigned int), mojo::Connector*, char const* const&>, void, 0ul, 1ul>::MakeItSo<void (mojo::Connector::* const&)(char const*, unsigned int), std::__Cr::tuple<base::internal::UnretainedWrapper<mojo::Connector, base::unretained_traits::MayNotDangle, (partition_alloc::internal::RawPtrTraits)0>, base::internal::UnretainedWrapper<char const, base::unretained_traits::MayNotDangle, (partition_alloc::internal::RawPtrTraits)0>> const&, unsigned int>(void (mojo::Connector::* const&)(char const*, unsigned int), std::__Cr::tuple<base::internal::UnretainedWrapper<mojo::Connector, base::unretained_traits::MayNotDangle, (partition_alloc::internal::RawPtrTraits)0>, base::internal::UnretainedWrapper<char const, base::unretained_traits::MayNotDangle, (partition_alloc::internal::RawPtrTraits)0>> const&, unsigned int&&) base/functional/bind_internal.h:932:12
    #19 0x7511e44f9d61 in void base::internal::Invoker<base::internal::FunctorTraits<void (mojo::Connector::* const&)(char const*, unsigned int), mojo::Connector*, char const* const&>, base::internal::BindState<true, true, false, void (mojo::Connector::*)(char const*, unsigned int), base::internal::UnretainedWrapper<mojo::Connector, base::unretained_traits::MayNotDangle, (partition_alloc::internal::RawPtrTraits)0>, base::internal::UnretainedWrapper<char const, base::unretained_traits::MayNotDangle, (partition_alloc::internal::RawPtrTraits)0>>, void (unsigned int)>::RunImpl<void (mojo::Connector::* const&)(char const*, unsigned int), std::__Cr::tuple<base::internal::UnretainedWrapper<mojo::Connector, base::unretained_traits::MayNotDangle, (partition_alloc::internal::RawPtrTraits)0>, base::internal::UnretainedWrapper<char const, base::unretained_traits::MayNotDangle, (partition_alloc::internal::RawPtrTraits)0>> const&, 0ul, 1ul>(void (mojo::Connector::* const&)(char const*, unsigned int), std::__Cr::tuple<base::internal::UnretainedWrapper<mojo::Connector, base::unretained_traits::MayNotDangle, (partition_alloc::internal::RawPtrTraits)0>, base::internal::UnretainedWrapper<char const, base::unretained_traits::MayNotDangle, (partition_alloc::internal::RawPtrTraits)0>> const&, std::__Cr::integer_sequence<unsigned long, 0ul, 1ul>, unsigned int&&) base/functional/bind_internal.h:1069:14
    #20 0x7511e44f9b43 in base::internal::Invoker<base::internal::FunctorTraits<void (mojo::Connector::* const&)(char const*, unsigned int), mojo::Connector*, char const* const&>, base::internal::BindState<true, true, false, void (mojo::Connector::*)(char const*, unsigned int), base::internal::UnretainedWrapper<mojo::Connector, base::unretained_traits::MayNotDangle, (partition_alloc::internal::RawPtrTraits)0>, base::internal::UnretainedWrapper<char const, base::unretained_traits::MayNotDangle, (partition_alloc::internal::RawPtrTraits)0>>, void (unsigned int)>::Run(base::internal::BindStateBase*, unsigned int) base/functional/bind_internal.h:989:12
    #21 0x7511e44f86e8 in base::RepeatingCallback<void (unsigned int)>::Run(unsigned int) const & base/functional/callback.h:346:12
    #22 0x7511e44f788e in mojo::SimpleWatcher::DiscardReadyState(base::RepeatingCallback<void (unsigned int)> const&, unsigned int, mojo::HandleSignalsState const&) mojo/public/cpp/system/simple_watcher.h:192:14
    #23 0x7511e44f7f71 in void base::internal::DecayedFunctorTraits<void (*)(base::RepeatingCallback<void (unsigned int)> const&, unsigned int, mojo::HandleSignalsState const&), base::RepeatingCallback<void (unsigned int)> const&>::Invoke<void (* const&)(base::RepeatingCallback<void (unsigned int)> const&, unsigned int, mojo::HandleSignalsState const&), base::RepeatingCallback<void (unsigned int)> const&, unsigned int, mojo::HandleSignalsState const&>(void (* const&)(base::RepeatingCallback<void (unsigned int)> const&, unsigned int, mojo::HandleSignalsState const&), base::RepeatingCallback<void (unsigned int)> const&, unsigned int&&, mojo::HandleSignalsState const&) base/functional/bind_internal.h:673:12
    #24 0x7511e44f7ea9 in void base::internal::InvokeHelper<false, base::internal::FunctorTraits<void (* const&)(base::RepeatingCallback<void (unsigned int)> const&, unsigned int, mojo::HandleSignalsState const&), base::RepeatingCallback<void (unsigned int)> const&>, void, 0ul>::MakeItSo<void (* const&)(base::RepeatingCallback<void (unsigned int)> const&, unsigned int, mojo::HandleSignalsState const&), std::__Cr::tuple<base::RepeatingCallback<void (unsigned int)>> const&, unsigned int, mojo::HandleSignalsState const&>(void (* const&)(base::RepeatingCallback<void (unsigned int)> const&, unsigned int, mojo::HandleSignalsState const&), std::__Cr::tuple<base::RepeatingCallback<void (unsigned int)>> const&, unsigned int&&, mojo::HandleSignalsState const&) base/functional/bind_internal.h:932:12
    #25 0x7511e44f7d1c in void base::internal::Invoker<base::internal::FunctorTraits<void (* const&)(base::RepeatingCallback<void (unsigned int)> const&, unsigned int, mojo::HandleSignalsState const&), base::RepeatingCallback<void (unsigned int)> const&>, base::internal::BindState<false, true, false, void (*)(base::RepeatingCallback<void (unsigned int)> const&, unsigned int, mojo::HandleSignalsState const&), base::RepeatingCallback<void (unsigned int)>>, void (unsigned int, mojo::HandleSignalsState const&)>::RunImpl<void (* const&)(base::RepeatingCallback<void (unsigned int)> const&, unsigned int, mojo::HandleSignalsState const&), std::__Cr::tuple<base::RepeatingCallback<void (unsigned int)>> const&, 0ul>(void (* const&)(base::RepeatingCallback<void (unsigned int)> const&, unsigned int, mojo::HandleSignalsState const&), std::__Cr::tuple<base::RepeatingCallback<void (unsigned int)>> const&, std::__Cr::integer_sequence<unsigned long, 0ul>, unsigned int&&, mojo::HandleSignalsState const&) base/functional/bind_internal.h:1069:14
    #26 0x7511e44f7b1b in base::internal::Invoker<base::internal::FunctorTraits<void (* const&)(base::RepeatingCallback<void (unsigned int)> const&, unsigned int, mojo::HandleSignalsState const&), base::RepeatingCallback<void (unsigned int)> const&>, base::internal::BindState<false, true, false, void (*)(base::RepeatingCallback<void (unsigned int)> const&, unsigned int, mojo::HandleSignalsState const&), base::RepeatingCallback<void (unsigned int)>>, void (unsigned int, mojo::HandleSignalsState const&)>::Run(base::internal::BindStateBase*, unsigned int, mojo::HandleSignalsState const&) base/functional/bind_internal.h:989:12
    #27 0x7511dadb4a50 in base::RepeatingCallback<void (unsigned int, mojo::HandleSignalsState const&)>::Run(unsigned int, mojo::HandleSignalsState const&) const & base/functional/callback.h:346:12
    #28 0x7511dadb12aa in mojo::SimpleWatcher::OnHandleReady(int, unsigned int, mojo::HandleSignalsState const&) mojo/public/cpp/system/simple_watcher.cc:286:14
    #29 0x7511dadb5c3e in void base::internal::DecayedFunctorTraits<void (mojo::SimpleWatcher::*)(int, unsigned int, mojo::HandleSignalsState const&), base::WeakPtr<mojo::SimpleWatcher>&&, int&&, unsigned int&&, mojo::HandleSignalsState&&>::Invoke<void (mojo::SimpleWatcher::*)(int, unsigned int, mojo::HandleSignalsState const&), base::WeakPtr<mojo::SimpleWatcher> const&, int, unsigned int, mojo::HandleSignalsState>(void (mojo::SimpleWatcher::*)(int, unsigned int, mojo::HandleSignalsState const&), base::WeakPtr<mojo::SimpleWatcher> const&, int&&, unsigned int&&, mojo::HandleSignalsState&&) base/functional/bind_internal.h:740:12
    #30 0x7511dadb5a53 in void base::internal::InvokeHelper<true, base::internal::FunctorTraits<void (mojo::SimpleWatcher::*&&)(int, unsigned int, mojo::HandleSignalsState const&), base::WeakPtr<mojo::SimpleWatcher>&&, int&&, unsigned int&&, mojo::HandleSignalsState&&>, void, 0ul, 1ul, 2ul, 3ul>::MakeItSo<void (mojo::SimpleWatcher::*)(int, unsigned int, mojo::HandleSignalsState const&), std::__Cr::tuple<base::WeakPtr<mojo::SimpleWatcher>, int, unsigned int, mojo::HandleSignalsState>>(void (mojo::SimpleWatcher::*&&)(int, unsigned int, mojo::HandleSignalsState const&), std::__Cr::tuple<base::WeakPtr<mojo::SimpleWatcher>, int, unsigned int, mojo::HandleSignalsState>&&) base/functional/bind_internal.h:956:5
    #31 0x7511dadb57c7 in void base::internal::Invoker<base::internal::FunctorTraits<void (mojo::SimpleWatcher::*&&)(int, unsigned int, mojo::HandleSignalsState const&), base::WeakPtr<mojo::SimpleWatcher>&&, int&&, unsigned int&&, mojo::HandleSignalsState&&>, base::internal::BindState<true, true, false, void (mojo::SimpleWatcher::*)(int, unsigned int, mojo::HandleSignalsState const&), base::WeakPtr<mojo::SimpleWatcher>, int, unsigned int, mojo::HandleSignalsState>, void ()>::RunImpl<void (mojo::SimpleWatcher::*)(int, unsigned int, mojo::HandleSignalsState const&), std::__Cr::tuple<base::WeakPtr<mojo::SimpleWatcher>, int, unsigned int, mojo::HandleSignalsState>, 0ul, 1ul, 2ul, 3ul>(void (mojo::SimpleWatcher::*&&)(int, unsigned int, mojo::HandleSignalsState const&), std::__Cr::tuple<base::WeakPtr<mojo::SimpleWatcher>, int, unsigned int, mojo::HandleSignalsState>&&, std::__Cr::integer_sequence<unsigned long, 0ul, 1ul, 2ul, 3ul>) base/functional/bind_internal.h:1069:14
    #32 0x7511dadb55f8 in base::internal::Invoker<base::internal::FunctorTraits<void (mojo::SimpleWatcher::*&&)(int, unsigned int, mojo::HandleSignalsState const&), base::WeakPtr<mojo::SimpleWatcher>&&, int&&, unsigned int&&, mojo::HandleSignalsState&&>, base::internal::BindState<true, true, false, void (mojo::SimpleWatcher::*)(int, unsigned int, mojo::HandleSignalsState const&), base::WeakPtr<mojo::SimpleWatcher>, int, unsigned int, mojo::HandleSignalsState>, void ()>::RunOnce(base::internal::BindStateBase*) base/functional/bind_internal.h:982:12
    #33 0x7511d2f9f162 in base::OnceCallback<void ()>::Run() && base/functional/callback.h:155:12
    #34 0x7511d3522f1e in base::TaskAnnotator::RunTaskImpl(base::PendingTask&) base/task/common/task_annotator.cc:229:34
    #35 0x7511d3640af7 in void base::TaskAnnotator::RunTask<base::sequence_manager::internal::ThreadControllerWithMessagePumpImpl::DoWorkImpl(base::LazyNow*)::$_4>(perfetto::StaticString, base::PendingTask&, base::sequence_manager::internal::ThreadControllerWithMessagePumpImpl::DoWorkImpl(base::LazyNow*)::$_4&&) base/task/common/task_annotator.h:114:5
    #36 0x7511d363fa94 in base::sequence_manager::internal::ThreadControllerWithMessagePumpImpl::DoWorkImpl(base::LazyNow*) base/task/sequence_manager/thread_controller_with_message_pump_impl.cc:478:23
    #37 0x7511d363e67a in base::sequence_manager::internal::ThreadControllerWithMessagePumpImpl::DoWork() base/task/sequence_manager/thread_controller_with_message_pump_impl.cc:341:40
    #38 0x7511d363ffb2 in non-virtual thunk to base::sequence_manager::internal::ThreadControllerWithMessagePumpImpl::DoWork() base/task/sequence_manager/thread_controller_with_message_pump_impl.cc
    #39 0x7511d3ae3761 in base::MessagePumpGlib::HandleDispatch() base/message_loop/message_pump_glib.cc:732:46
    #40 0x7511d3adf478 in base::(anonymous namespace)::WorkSourceDispatch(_GSource*, int (*)(void*), void*) base/message_loop/message_pump_glib.cc:355:43
    #41 0x7510ba907e5a  (/usr/lib/x86_64-linux-gnu/libglib-2.0.so.0+0x60e5a) (BuildId: 2f58e7554b15ecce9664f25dc2c965d0c6ab45ad)
    #42 0x7510ba909496  (/usr/lib/x86_64-linux-gnu/libglib-2.0.so.0+0x62496) (BuildId: 2f58e7554b15ecce9664f25dc2c965d0c6ab45ad)
    #43 0x7510ba909682 in g_main_context_iteration (/usr/lib/x86_64-linux-gnu/libglib-2.0.so.0+0x62682) (BuildId: 2f58e7554b15ecce9664f25dc2c965d0c6ab45ad)
    #44 0x7511d3ae3aa8 in base::MessagePumpGlib::Run(base::MessagePump::Delegate*) base/message_loop/message_pump_glib.cc:766:30
    #45 0x7511d3641c62 in base::sequence_manager::internal::ThreadControllerWithMessagePumpImpl::Run(bool, base::TimeDelta) base/task/sequence_manager/thread_controller_with_message_pump_impl.cc:656:12
    #46 0x7511d33ba607 in base::RunLoop::Run(base::Location const&) base/run_loop.cc:135:14
    #47 0x57a25ed4a177 in content::DevToolsFetchGetResponseBodyTest_TimeBackOrderPostWithBodyDoesNotUseAfterFree_Test::RunTestOnMainThread() content/browser/devtools/protocol/devtools_fetch_get_response_body_browsertest.cc:133:14
    #48 0x57a26fd1c023 in content::BrowserTestBase::ProxyRunTestOnMainThreadLoop() content/public/test/browser_test_base.cc:1018:9
    #49 0x57a26fd28c3a in void base::internal::DecayedFunctorTraits<void (content::BrowserTestBase::*)(), content::BrowserTestBase*>::Invoke<void (content::BrowserTestBase::*)(), content::BrowserTestBase*>(void (content::BrowserTestBase::*)(), content::BrowserTestBase*&&) base/functional/bind_internal.h:740:12
    #50 0x57a26fd28b1c in void base::internal::InvokeHelper<false, base::internal::FunctorTraits<void (content::BrowserTestBase::*&&)(), content::BrowserTestBase*>, void, 0ul>::MakeItSo<void (content::BrowserTestBase::*)(), std::__Cr::tuple<base::internal::UnretainedWrapper<content::BrowserTestBase, base::unretained_traits::MayNotDangle, (partition_alloc::internal::RawPtrTraits)0>>>(void (content::BrowserTestBase::*&&)(), std::__Cr::tuple<base::internal::UnretainedWrapper<content::BrowserTestBase, base::unretained_traits::MayNotDangle, (partition_alloc::internal::RawPtrTraits)0>>&&) base/functional/bind_internal.h:932:12
    #51 0x57a26fd288e1 in void base::internal::Invoker<base::internal::FunctorTraits<void (content::BrowserTestBase::*&&)(), content::BrowserTestBase*>, base::internal::BindState<true, true, false, void (content::BrowserTestBase::*)(), base::internal::UnretainedWrapper<content::BrowserTestBase, base::unretained_traits::MayNotDangle, (partition_alloc::internal::RawPtrTraits)0>>, void ()>::RunImpl<void (content::BrowserTestBase::*)(), std::__Cr::tuple<base::internal::UnretainedWrapper<content::BrowserTestBase, base::unretained_traits::MayNotDangle, (partition_alloc::internal::RawPtrTraits)0>>, 0ul>(void (content::BrowserTestBase::*&&)(), std::__Cr::tuple<base::internal::UnretainedWrapper<content::BrowserTestBase, base::unretained_traits::MayNotDangle, (partition_alloc::internal::RawPtrTraits)0>>&&, std::__Cr::integer_sequence<unsigned long, 0ul>) base/functional/bind_internal.h:1069:14
    #52 0x57a26fd28778 in base::internal::Invoker<base::internal::FunctorTraits<void (content::BrowserTestBase::*&&)(), content::BrowserTestBase*>, base::internal::BindState<true, true, false, void (content::BrowserTestBase::*)(), base::internal::UnretainedWrapper<content::BrowserTestBase, base::unretained_traits::MayNotDangle, (partition_alloc::internal::RawPtrTraits)0>>, void ()>::RunOnce(base::internal::BindStateBase*) base/functional/bind_internal.h:982:12
    #53 0x75117186cf42 in base::OnceCallback<void ()>::Run() && base/functional/callback.h:155:12
    #54 0x751177ee1bbd in content::BrowserMainLoop::InterceptMainMessageLoopRun() content/browser/browser_main_loop.cc:1101:36
    #55 0x751177ee1dea in content::BrowserMainLoop::RunMainMessageLoop() content/browser/browser_main_loop.cc:1113:7
    #56 0x751177f0fbf3 in content::BrowserMainRunnerImpl::Run() content/browser/browser_main_runner_impl.cc:148:15
    #57 0x751177ed7354 in content::BrowserMain(content::MainFunctionParams) content/browser/browser_main.cc:32:28
    #58 0x75117fa44d4a in content::RunBrowserProcessMain(content::MainFunctionParams, content::ContentMainDelegate*) content/app/content_main_runner_impl.cc:698:10
    #59 0x75117fa4ad94 in content::ContentMainRunnerImpl::RunBrowser(content::MainFunctionParams, bool) content/app/content_main_runner_impl.cc:1332:10
    #60 0x75117fa49109 in content::ContentMainRunnerImpl::Run() content/app/content_main_runner_impl.cc:1163:12
    #61 0x75117fa3ed7f in content::RunContentProcess(content::ContentMainParams, content::ContentMainRunner*) content/app/content_main.cc:356:36
    #62 0x75117fa3fbc5 in content::ContentMain(content::ContentMainParams) content/app/content_main.cc:369:10
    #63 0x57a26fd19986 in content::BrowserTestBase::SetUp() content/public/test/browser_test_base.cc:615:34
    #64 0x57a26f90aa71 in content::ContentBrowserTest::SetUp() content/public/test/content_browser_test.cc:131:20
    #65 0x57a2660d69bd in void testing::internal::HandleSehExceptionsInMethodIfSupported<testing::Test, void>(testing::Test*, void (testing::Test::*)(), char const*) third_party/googletest/src/googletest/src/gtest.cc:2671:10
    #66 0x57a26609d97f in void testing::internal::HandleExceptionsInMethodIfSupported<testing::Test, void>(testing::Test*, void (testing::Test::*)(), char const*) third_party/googletest/src/googletest/src/gtest.cc:2726:12
    #67 0x57a26606f18a in testing::Test::Run() third_party/googletest/src/googletest/src/gtest.cc:2741:3
    #68 0x57a2660701ac in testing::TestInfo::Run() third_party/googletest/src/googletest/src/gtest.cc:2892:11
    #69 0x57a266071215 in testing::TestSuite::Run() third_party/googletest/src/googletest/src/gtest.cc:3070:30
    #70 0x57a2660882c3 in testing::internal::UnitTestImpl::RunAllTests() third_party/googletest/src/googletest/src/gtest.cc:6062:44
    #71 0x57a2660dc69d in bool testing::internal::HandleSehExceptionsInMethodIfSupported<testing::internal::UnitTestImpl, bool>(testing::internal::UnitTestImpl*, bool (testing::internal::UnitTestImpl::*)(), char const*) third_party/googletest/src/googletest/src/gtest.cc:2671:10
    #72 0x57a2660a0f8f in bool testing::internal::HandleExceptionsInMethodIfSupported<testing::internal::UnitTestImpl, bool>(testing::internal::UnitTestImpl*, bool (testing::internal::UnitTestImpl::*)(), char const*) third_party/googletest/src/googletest/src/gtest.cc:2726:12
    #73 0x57a266087542 in testing::UnitTest::Run() third_party/googletest/src/googletest/src/gtest.cc:5602:10
    #74 0x57a2702a5140 in RUN_ALL_TESTS() third_party/googletest/src/googletest/include/gtest/gtest.h:2337:73
    #75 0x57a2702a1b90 in base::TestSuite::RunAllTests() base/test/test_suite.cc:685:10
    #76 0x57a27029ec87 in base::TestSuite::Run() base/test/test_suite.cc:440:16
    #77 0x57a263fcf45e in content::ContentTestLauncherDelegate::RunTestSuite(int, char**) content/test/content_test_launcher.cc:67:48
    #78 0x57a27003b4bd in content::LaunchTestsInternal(content::TestLauncherDelegate*, unsigned long, int, char**) content/public/test/test_launcher.cc:423:31
    #79 0x57a27003c0cd in content::LaunchTests(content::TestLauncherDelegate*, unsigned long, int, char**) content/public/test/test_launcher.cc:518:10
    #80 0x57a263fcf18b in ContentTestMain content/test/content_test_launcher.cc:106:10
    #81 0x57a26f961b51 in main content/test/content_test_launcher_exe.cc:8:10
    #82 0x7510a282a8c0 in __libc_start_call_main csu/../sysdeps/nptl/libc_start_call_main.h:59:16
    #83 0x7510a282a9d7 in __libc_start_main csu/../csu/libc-start.c:360:3
    #84 0x57a25d7000b9 in _start (/mnt/chromium/src/out/ASan/content_browsertests+0xac9e0b9) (BuildId: 82f369befac2969f)

0x72a0872aeaa0 is located 800 bytes inside of 928-byte region [0x72a0872ae780,0x72a0872aeb20)
freed by thread T0 (content_browser) here:
    #0 0x57a25d7e8b76 in operator delete(void*, unsigned long) (/mnt/chromium/src/out/ASan/content_browsertests+0xad86b76) (BuildId: 82f369befac2969f)
    #1 0x7511786551c6 in content::InterceptionJob::~InterceptionJob() content/browser/devtools/devtools_url_loader_interceptor.cc:454:31
    #2 0x75117863258e in content::InterceptionJob::Shutdown() content/browser/devtools/devtools_url_loader_interceptor.cc:1814:3
    #3 0x751178636fa8 in content::InterceptionJob::CompleteRequest(network::URLLoaderCompletionStatus const&) content/browser/devtools/devtools_url_loader_interceptor.cc:1808:3
    #4 0x751178639b0b in content::InterceptionJob::SendResponse(scoped_refptr<base::RefCountedMemory>, unsigned long) content/browser/devtools/devtools_url_loader_interceptor.cc:1627:3
    #5 0x7511786365f3 in content::InterceptionJob::InnerContinueRequest(std::__Cr::unique_ptr<content::DevToolsURLLoaderInterceptor::Modifications, std::__Cr::default_delete<content::DevToolsURLLoaderInterceptor::Modifications>>) content/browser/devtools/devtools_url_loader_interceptor.cc:1300:7
    #6 0x75117863099c in content::InterceptionJob::ContinueInterceptedRequest(std::__Cr::unique_ptr<content::DevToolsURLLoaderInterceptor::Modifications, std::__Cr::default_delete<content::DevToolsURLLoaderInterceptor::Modifications>>, std::__Cr::unique_ptr<content::protocol::Network::Backend::ContinueInterceptedRequestCallback, std::__Cr::default_delete<content::protocol::Network::Backend::ContinueInterceptedRequestCallback>>) content/browser/devtools/devtools_url_loader_interceptor.cc:1182:23
    #7 0x751178630762 in content::DevToolsURLLoaderInterceptor::ContinueInterceptedRequest(std::__Cr::basic_string<char, std::__Cr::char_traits<char>, std::__Cr::allocator<char>> const&, std::__Cr::unique_ptr<content::DevToolsURLLoaderInterceptor::Modifications, std::__Cr::default_delete<content::DevToolsURLLoaderInterceptor::Modifications>>, std::__Cr::unique_ptr<content::protocol::Network::Backend::ContinueInterceptedRequestCallback, std::__Cr::default_delete<content::protocol::Network::Backend::ContinueInterceptedRequestCallback>>) content/browser/devtools/devtools_url_loader_interceptor.cc:951:10
    #8 0x75117875ea3d in content::protocol::FetchHandler::ContinueResponse(std::__Cr::basic_string<char, std::__Cr::char_traits<char>, std::__Cr::allocator<char>> const&, std::__Cr::optional<int>, std::__Cr::optional<std::__Cr::basic_string<char, std::__Cr::char_traits<char>, std::__Cr::allocator<char>>>, std::__Cr::unique_ptr<std::__Cr::vector<std::__Cr::unique_ptr<content::protocol::Fetch::HeaderEntry, std::__Cr::default_delete<content::protocol::Fetch::HeaderEntry>>, std::__Cr::allocator<std::__Cr::unique_ptr<content::protocol::Fetch::HeaderEntry, std::__Cr::default_delete<content::protocol::Fetch::HeaderEntry>>>>, std::__Cr::default_delete<std::__Cr::vector<std::__Cr::unique_ptr<content::protocol::Fetch::HeaderEntry, std::__Cr::default_delete<content::protocol::Fetch::HeaderEntry>>, std::__Cr::allocator<std::__Cr::unique_ptr<content::protocol::Fetch::HeaderEntry, std::__Cr::default_delete<content::protocol::Fetch::HeaderEntry>>>>>>, std::__Cr::optional<crdtp::Binary>, std::__Cr::unique_ptr<content::protocol::Fetch::Backend::ContinueResponseCallback, std::__Cr::default_delete<content::protocol::Fetch::Backend::ContinueResponseCallback>>) content/browser/devtools/protocol/fetch_handler.cc:395:19
    #9 0x75117875f06a in non-virtual thunk to content::protocol::FetchHandler::ContinueResponse(std::__Cr::basic_string<char, std::__Cr::char_traits<char>, std::__Cr::allocator<char>> const&, std::__Cr::optional<int>, std::__Cr::optional<std::__Cr::basic_string<char, std::__Cr::char_traits<char>, std::__Cr::allocator<char>>>, std::__Cr::unique_ptr<std::__Cr::vector<std::__Cr::unique_ptr<content::protocol::Fetch::HeaderEntry, std::__Cr::default_delete<content::protocol::Fetch::HeaderEntry>>, std::__Cr::allocator<std::__Cr::unique_ptr<content::protocol::Fetch::HeaderEntry, std::__Cr::default_delete<content::protocol::Fetch::HeaderEntry>>>>, std::__Cr::default_delete<std::__Cr::vector<std::__Cr::unique_ptr<content::protocol::Fetch::HeaderEntry, std::__Cr::default_delete<content::protocol::Fetch::HeaderEntry>>, std::__Cr::allocator<std::__Cr::unique_ptr<content::protocol::Fetch::HeaderEntry, std::__Cr::default_delete<content::protocol::Fetch::HeaderEntry>>>>>>, std::__Cr::optional<crdtp::Binary>, std::__Cr::unique_ptr<content::protocol::Fetch::Backend::ContinueResponseCallback, std::__Cr::default_delete<content::protocol::Fetch::Backend::ContinueResponseCallback>>) content/browser/devtools/protocol/fetch_handler.cc
    #10 0x7511771ee4bd in content::protocol::Fetch::DomainDispatcherImpl::continueResponse(crdtp::Dispatchable&) gen/content/browser/devtools/protocol/fetch.cc:572:16
    #11 0x7511771ebcdb in content::protocol::Fetch::DomainDispatcherImpl::Dispatch(std::__Cr::span<unsigned char const, 18446744073709551615ul>, crdtp::Dispatchable&) gen/content/browser/devtools/protocol/fetch.cc:222:3
    #12 0x7511f2da8aeb in crdtp::UberDispatcher::Dispatch(crdtp::Dispatchable&) third_party/inspector_protocol/crdtp/dispatch.cc:554:23
    #13 0x7511785a7e66 in content::DevToolsSession::HandleCommandInternal(crdtp::Dispatchable, base::span<unsigned char const, 18446744073709551615ul, unsigned char const*>) content/browser/devtools/devtools_session.cc:425:16
    #14 0x7511785a1d4a in content::DevToolsSession::HandleCommand(base::span<unsigned char const, 18446744073709551615ul, unsigned char const*>) content/browser/devtools/devtools_session.cc:405:3
    #15 0x7511785bbf27 in void base::internal::DecayedFunctorTraits<void (content::DevToolsSession::*)(base::span<unsigned char const, 18446744073709551615ul, unsigned char const*>), base::WeakPtr<content::DevToolsSession> const&>::Invoke<void (content::DevToolsSession::*)(base::span<unsigned char const, 18446744073709551615ul, unsigned char const*>), base::WeakPtr<content::DevToolsSession> const&, base::span<unsigned char const, 18446744073709551615ul, unsigned char const*>>(void (content::DevToolsSession::*)(base::span<unsigned char const, 18446744073709551615ul, unsigned char const*>), base::WeakPtr<content::DevToolsSession> const&, base::span<unsigned char const, 18446744073709551615ul, unsigned char const*>&&) base/functional/bind_internal.h:740:12
    #16 0x7511785bbdea in void base::internal::InvokeHelper<true, base::internal::FunctorTraits<void (content::DevToolsSession::* const&)(base::span<unsigned char const, 18446744073709551615ul, unsigned char const*>), base::WeakPtr<content::DevToolsSession> const&>, void, 0ul>::MakeItSo<void (content::DevToolsSession::* const&)(base::span<unsigned char const, 18446744073709551615ul, unsigned char const*>), std::__Cr::tuple<base::WeakPtr<content::DevToolsSession>> const&, base::span<unsigned char const, 18446744073709551615ul, unsigned char const*>>(void (content::DevToolsSession::* const&)(base::span<unsigned char const, 18446744073709551615ul, unsigned char const*>), std::__Cr::tuple<base::WeakPtr<content::DevToolsSession>> const&, base::span<unsigned char const, 18446744073709551615ul, unsigned char const*>&&) base/functional/bind_internal.h:956:5
    #17 0x7511785bbc3c in void base::internal::Invoker<base::internal::FunctorTraits<void (content::DevToolsSession::* const&)(base::span<unsigned char const, 18446744073709551615ul, unsigned char const*>), base::WeakPtr<content::DevToolsSession> const&>, base::internal::BindState<true, true, false, void (content::DevToolsSession::*)(base::span<unsigned char const, 18446744073709551615ul, unsigned char const*>), base::WeakPtr<content::DevToolsSession>>, void (base::span<unsigned char const, 18446744073709551615ul, unsigned char const*>)>::RunImpl<void (content::DevToolsSession::* const&)(base::span<unsigned char const, 18446744073709551615ul, unsigned char const*>), std::__Cr::tuple<base::WeakPtr<content::DevToolsSession>> const&, 0ul>(void (content::DevToolsSession::* const&)(base::span<unsigned char const, 18446744073709551615ul, unsigned char const*>), std::__Cr::tuple<base::WeakPtr<content::DevToolsSession>> const&, std::__Cr::integer_sequence<unsigned long, 0ul>, base::span<unsigned char const, 18446744073709551615ul, unsigned char const*>&&) base/functional/bind_internal.h:1069:14
    #18 0x7511785bba90 in base::internal::Invoker<base::internal::FunctorTraits<void (content::DevToolsSession::* const&)(base::span<unsigned char const, 18446744073709551615ul, unsigned char const*>), base::WeakPtr<content::DevToolsSession> const&>, base::internal::BindState<true, true, false, void (content::DevToolsSession::*)(base::span<unsigned char const, 18446744073709551615ul, unsigned char const*>), base::WeakPtr<content::DevToolsSession>>, void (base::span<unsigned char const, 18446744073709551615ul, unsigned char const*>)>::Run(base::internal::BindStateBase*, base::span<unsigned char const, 18446744073709551615ul, unsigned char const*>&&) base/functional/bind_internal.h:989:12
    #19 0x57a270a1e08e in base::RepeatingCallback<void (base::span<unsigned char const, 18446744073709551615ul, unsigned char const*>)>::Run(base::span<unsigned char const, 18446744073709551615ul, unsigned char const*>) const & base/functional/callback.h:346:12
    #20 0x57a270a19ece in content::shell::protocol::ShellDevToolsSession::HandleCommand(base::span<unsigned char const, 18446744073709551615ul, unsigned char const*>, base::RepeatingCallback<void (base::span<unsigned char const, 18446744073709551615ul, unsigned char const*>)>)::$_0::operator()(int, std::__Cr::span<unsigned char const, 18446744073709551615ul>, std::__Cr::span<unsigned char const, 18446744073709551615ul>, std::__Cr::basic_string_view<char, std::__Cr::char_traits<char>>) const content/shell/browser/protocol/shell_devtools_session.cc:42:12
    #21 0x57a270a19d4a in std::__Cr::__invoke_result_impl<void, content::shell::protocol::ShellDevToolsSession::HandleCommand(base::span<unsigned char const, 18446744073709551615ul, unsigned char const*>, base::RepeatingCallback<void (base::span<unsigned char const, 18446744073709551615ul, unsigned char const*>)>)::$_0&, int, std::__Cr::span<unsigned char const, 18446744073709551615ul>, std::__Cr::span<unsigned char const, 18446744073709551615ul>, std::__Cr::basic_string_view<char, std::__Cr::char_traits<char>>>::type std::__Cr::__invoke[abi:sqn230000]<content::shell::protocol::ShellDevToolsSession::HandleCommand(base::span<unsigned char const, 18446744073709551615ul, unsigned char const*>, base::RepeatingCallback<void (base::span<unsigned char const, 18446744073709551615ul, unsigned char const*>)>)::$_0&, int, std::__Cr::span<unsigned char const, 18446744073709551615ul>, std::__Cr::span<unsigned char const, 18446744073709551615ul>, std::__Cr::basic_string_view<char, std::__Cr::char_traits<char>>>(content::shell::protocol::ShellDevToolsSession::HandleCommand(base::span<unsigned char const, 18446744073709551615ul, unsigned char const*>, base::RepeatingCallback<void (base::span<unsigned char const, 18446744073709551615ul, unsigned char const*>)>)::$_0&, int&&, std::__Cr::span<unsigned char const, 18446744073709551615ul>&&, std::__Cr::span<unsigned char const, 18446744073709551615ul>&&, std::__Cr::basic_string_view<char, std::__Cr::char_traits<char>>&&) third_party/libc++/src/include/__type_traits/invoke.h:90:27
    #22 0x57a270a19c74 in void std::__Cr::__invoke_void_return_wrapper<void, true>::__call[abi:sqn230000]<content::shell::protocol::ShellDevToolsSession::HandleCommand(base::span<unsigned char const, 18446744073709551615ul, unsigned char const*>, base::RepeatingCallback<void (base::span<unsigned char const, 18446744073709551615ul, unsigned char const*>)>)::$_0&, int, std::__Cr::span<unsigned char const, 18446744073709551615ul>, std::__Cr::span<unsigned char const, 18446744073709551615ul>, std::__Cr::basic_string_view<char, std::__Cr::char_traits<char>>>(content::shell::protocol::ShellDevToolsSession::HandleCommand(base::span<unsigned char const, 18446744073709551615ul, unsigned char const*>, base::RepeatingCallback<void (base::span<unsigned char const, 18446744073709551615ul, unsigned char const*>)>)::$_0&, int&&, std::__Cr::span<unsigned char const, 18446744073709551615ul>&&, std::__Cr::span<unsigned char const, 18446744073709551615ul>&&, std::__Cr::basic_string_view<char, std::__Cr::char_traits<char>>&&) third_party/libc++/src/include/__type_traits/invoke.h:350:5
    #23 0x57a270a19c34 in void std::__Cr::__invoke_r[abi:sqn230000]<void, content::shell::protocol::ShellDevToolsSession::HandleCommand(base::span<unsigned char const, 18446744073709551615ul, unsigned char const*>, base::RepeatingCallback<void (base::span<unsigned char const, 18446744073709551615ul, unsigned char const*>)>)::$_0&, int, std::__Cr::span<unsigned char const, 18446744073709551615ul>, std::__Cr::span<unsigned char const, 18446744073709551615ul>, std::__Cr::basic_string_view<char, std::__Cr::char_traits<char>>>(content::shell::protocol::ShellDevToolsSession::HandleCommand(base::span<unsigned char const, 18446744073709551615ul, unsigned char const*>, base::RepeatingCallback<void (base::span<unsigned char const, 18446744073709551615ul, unsigned char const*>)>)::$_0&, int&&, std::__Cr::span<unsigned char const, 18446744073709551615ul>&&, std::__Cr::span<unsigned char const, 18446744073709551615ul>&&, std::__Cr::basic_string_view<char, std::__Cr::char_traits<char>>&&) third_party/libc++/src/include/__type_traits/invoke.h:356:10
    #24 0x57a270a19b5b in void std::__Cr::__function::__policy_func<void (int, std::__Cr::span<unsigned char const, 18446744073709551615ul>, std::__Cr::span<unsigned char const, 18446744073709551615ul>, std::__Cr::basic_string_view<char, std::__Cr::char_traits<char>>)>::__call_func[abi:sqn230000]<content::shell::protocol::ShellDevToolsSession::HandleCommand(base::span<unsigned char const, 18446744073709551615ul, unsigned char const*>, base::RepeatingCallback<void (base::span<unsigned char const, 18446744073709551615ul, unsigned char const*>)>)::$_0>(std::__Cr::__function::__policy_storage const*, int, std::__Cr::span<unsigned char const, 18446744073709551615ul>&&, std::__Cr::span<unsigned char const, 18446744073709551615ul>&&, std::__Cr::basic_string_view<char, std::__Cr::char_traits<char>>&&) third_party/libc++/src/include/__functional/function.h:445:12
    #25 0x7511f2db962d in std::__Cr::__function::__policy_func<void (int, std::__Cr::span<unsigned char const, 18446744073709551615ul>, std::__Cr::span<unsigned char const, 18446744073709551615ul>, std::__Cr::basic_string_view<char, std::__Cr::char_traits<char>>)>::operator()[abi:sqn230000](int&&, std::__Cr::span<unsigned char const, 18446744073709551615ul>&&, std::__Cr::span<unsigned char const, 18446744073709551615ul>&&, std::__Cr::basic_string_view<char, std::__Cr::char_traits<char>>&&) const third_party/libc++/src/include/__functional/function.h:504:12
    #26 0x7511f2dabd68 in std::__Cr::function<void (int, std::__Cr::span<unsigned char const, 18446744073709551615ul>, std::__Cr::span<unsigned char const, 18446744073709551615ul>, std::__Cr::basic_string_view<char, std::__Cr::char_traits<char>>)>::operator()[abi:sqn230000](int, std::__Cr::span<unsigned char const, 18446744073709551615ul>, std::__Cr::span<unsigned char const, 18446744073709551615ul>, std::__Cr::basic_string_view<char, std::__Cr::char_traits<char>>) const third_party/libc++/src/include/__functional/function.h:760:10
    #27 0x7511f2da8bea in crdtp::UberDispatcher::Dispatch(crdtp::Dispatchable&) third_party/inspector_protocol/crdtp/dispatch.cc:560:5
    #28 0x57a270a19122 in content::shell::protocol::ShellDevToolsSession::HandleCommand(base::span<unsigned char const, 18446744073709551615ul, unsigned char const*>, base::RepeatingCallback<void (base::span<unsigned char const, 18446744073709551615ul, unsigned char const*>)>) content/shell/browser/protocol/shell_devtools_session.cc:47:15
    #29 0x57a270a0d345 in content::ShellDevToolsManagerDelegate::HandleCommand(content::DevToolsAgentHostClientChannel*, base::span<unsigned char const, 18446744073709551615ul, unsigned char const*>, base::RepeatingCallback<void (base::span<unsigned char const, 18446744073709551615ul, unsigned char const*>)>) content/shell/browser/shell_devtools_manager_delegate.cc:216:12

previously allocated by thread T0 (content_browser) here:
    #0 0x57a25d7e7f21 in operator new(unsigned long) (/mnt/chromium/src/out/ASan/content_browsertests+0xad85f21) (BuildId: 82f369befac2969f)
    #1 0x75117862b5b2 in content::DevToolsURLLoaderInterceptor::CreateJob(base::UnguessableToken const&, int, bool, std::__Cr::optional<std::__Cr::basic_string<char, std::__Cr::char_traits<char>, std::__Cr::allocator<char>>> const&, std::__Cr::unique_ptr<content::CreateLoaderParameters, std::__Cr::default_delete<content::CreateLoaderParameters>>, mojo::PendingReceiver<network::mojom::URLLoader>, mojo::PendingRemote<network::mojom::URLLoaderClient>, mojo::PendingRemote<network::mojom::URLLoaderFactory>, mojo::PendingRemote<network::mojom::CookieManager>) content/browser/devtools/devtools_url_loader_interceptor.cc:651:3
    #2 0x75117862cf0e in content::DevToolsURLLoaderFactoryProxy::CreateLoaderAndStart(mojo::PendingReceiver<network::mojom::URLLoader>, int, unsigned int, network::ResourceRequest const&, mojo::PendingRemote<network::mojom::URLLoaderClient>, net::MutableNetworkTrafficAnnotationTag const&) content/browser/devtools/devtools_url_loader_interceptor.cc:809:16
    #3 0x751172e449e4 in network::mojom::URLLoaderFactory::CreateLoaderAndStart(mojo::PendingReceiver<network::mojom::URLLoader>, int, unsigned int, network::ResourceRequest&, mojo::PendingRemote<network::mojom::URLLoaderClient>, net::MutableNetworkTrafficAnnotationTag const&) gen/services/network/public/mojom/url_loader_factory.mojom.h:92:5
    #4 0x751172e425c3 in network::mojom::URLLoaderFactoryStubDispatch::Accept(network::mojom::URLLoaderFactory*, mojo::Message*) gen/services/network/public/mojom/url_loader_factory.mojom.cc:349:13
    #5 0x751173a9b6b6 in network::mojom::URLLoaderFactoryStub<mojo::RawPtrImplRefTraits<network::mojom::URLLoaderFactory>>::Accept(mojo::Message*) gen/services/network/public/mojom/url_loader_factory.mojom.h:139:12
    #6 0x7511e452d6be in mojo::InterfaceEndpointClient::HandleValidatedMessage(mojo::Message*) mojo/public/cpp/bindings/lib/interface_endpoint_client.cc:1085:54
    #7 0x7511e452c4a1 in mojo::InterfaceEndpointClient::HandleIncomingMessageThunk::Accept(mojo::Message*) mojo/public/cpp/bindings/lib/interface_endpoint_client.cc:383:18
    #8 0x7511e456bca3 in mojo::MessageDispatcher::Accept(mojo::Message*) mojo/public/cpp/bindings/lib/message_dispatcher.cc:51:24
    #9 0x7511e4533570 in mojo::InterfaceEndpointClient::HandleIncomingMessage(mojo::Message*) mojo/public/cpp/bindings/lib/interface_endpoint_client.cc:747:20
    #10 0x7511e4575d12 in mojo::internal::MultiplexRouter::ProcessIncomingMessage(mojo::internal::MultiplexRouter::MessageWrapper*, mojo::internal::MultiplexRouter::ClientCallBehavior, base::SequencedTaskRunner*) mojo/public/cpp/bindings/lib/multiplex_router.cc:1223:42
    #11 0x7511e4574a0e in mojo::internal::MultiplexRouter::Accept(mojo::Message*) mojo/public/cpp/bindings/lib/multiplex_router.cc:809:7
    #12 0x7511e456bb58 in mojo::MessageDispatcher::Accept(mojo::Message*) mojo/public/cpp/bindings/lib/message_dispatcher.cc:44:19
    #13 0x7511e44eb253 in mojo::Connector::DispatchMessage(mojo::ScopedHandleBase<mojo::MessageHandle>) mojo/public/cpp/bindings/lib/connector.cc:571:49
    #14 0x7511e44ece2a in mojo::Connector::ReadAllAvailableMessages() mojo/public/cpp/bindings/lib/connector.cc:632:14
    #15 0x7511e44ec7c2 in mojo::Connector::OnHandleReadyInternal(unsigned int) mojo/public/cpp/bindings/lib/connector.cc:452:3
    #16 0x7511e44ec635 in mojo::Connector::OnWatcherHandleReady(char const*, unsigned int) mojo/public/cpp/bindings/lib/connector.cc:418:3
    #17 0x7511e44fa365 in void base::internal::DecayedFunctorTraits<void (mojo::Connector::*)(char const*, unsigned int), mojo::Connector*, char const* const&>::Invoke<void (mojo::Connector::*)(char const*, unsigned int), mojo::Connector*, char const*, unsigned int>(void (mojo::Connector::*)(char const*, unsigned int), mojo::Connector*&&, char const*&&, unsigned int&&) base/functional/bind_internal.h:740:12
    #18 0x7511e44fa03e in void base::internal::InvokeHelper<false, base::internal::FunctorTraits<void (mojo::Connector::* const&)(char const*, unsigned int), mojo::Connector*, char const* const&>, void, 0ul, 1ul>::MakeItSo<void (mojo::Connector::* const&)(char const*, unsigned int), std::__Cr::tuple<base::internal::UnretainedWrapper<mojo::Connector, base::unretained_traits::MayNotDangle, (partition_alloc::internal::RawPtrTraits)0>, base::internal::UnretainedWrapper<char const, base::unretained_traits::MayNotDangle, (partition_alloc::internal::RawPtrTraits)0>> const&, unsigned int>(void (mojo::Connector::* const&)(char const*, unsigned int), std::__Cr::tuple<base::internal::UnretainedWrapper<mojo::Connector, base::unretained_traits::MayNotDangle, (partition_alloc::internal::RawPtrTraits)0>, base::internal::UnretainedWrapper<char const, base::unretained_traits::MayNotDangle, (partition_alloc::internal::RawPtrTraits)0>> const&, unsigned int&&) base/functional/bind_internal.h:932:12
    #19 0x7511e44f9d61 in void base::internal::Invoker<base::internal::FunctorTraits<void (mojo::Connector::* const&)(char const*, unsigned int), mojo::Connector*, char const* const&>, base::internal::BindState<true, true, false, void (mojo::Connector::*)(char const*, unsigned int), base::internal::UnretainedWrapper<mojo::Connector, base::unretained_traits::MayNotDangle, (partition_alloc::internal::RawPtrTraits)0>, base::internal::UnretainedWrapper<char const, base::unretained_traits::MayNotDangle, (partition_alloc::internal::RawPtrTraits)0>>, void (unsigned int)>::RunImpl<void (mojo::Connector::* const&)(char const*, unsigned int), std::__Cr::tuple<base::internal::UnretainedWrapper<mojo::Connector, base::unretained_traits::MayNotDangle, (partition_alloc::internal::RawPtrTraits)0>, base::internal::UnretainedWrapper<char const, base::unretained_traits::MayNotDangle, (partition_alloc::internal::RawPtrTraits)0>> const&, 0ul, 1ul>(void (mojo::Connector::* const&)(char const*, unsigned int), std::__Cr::tuple<base::internal::UnretainedWrapper<mojo::Connector, base::unretained_traits::MayNotDangle, (partition_alloc::internal::RawPtrTraits)0>, base::internal::UnretainedWrapper<char const, base::unretained_traits::MayNotDangle, (partition_alloc::internal::RawPtrTraits)0>> const&, std::__Cr::integer_sequence<unsigned long, 0ul, 1ul>, unsigned int&&) base/functional/bind_internal.h:1069:14
    #20 0x7511e44f9b43 in base::internal::Invoker<base::internal::FunctorTraits<void (mojo::Connector::* const&)(char const*, unsigned int), mojo::Connector*, char const* const&>, base::internal::BindState<true, true, false, void (mojo::Connector::*)(char const*, unsigned int), base::internal::UnretainedWrapper<mojo::Connector, base::unretained_traits::MayNotDangle, (partition_alloc::internal::RawPtrTraits)0>, base::internal::UnretainedWrapper<char const, base::unretained_traits::MayNotDangle, (partition_alloc::internal::RawPtrTraits)0>>, void (unsigned int)>::Run(base::internal::BindStateBase*, unsigned int) base/functional/bind_internal.h:989:12
    #21 0x7511e44f86e8 in base::RepeatingCallback<void (unsigned int)>::Run(unsigned int) const & base/functional/callback.h:346:12
    #22 0x7511e44f788e in mojo::SimpleWatcher::DiscardReadyState(base::RepeatingCallback<void (unsigned int)> const&, unsigned int, mojo::HandleSignalsState const&) mojo/public/cpp/system/simple_watcher.h:192:14
    #23 0x7511e44f7f71 in void base::internal::DecayedFunctorTraits<void (*)(base::RepeatingCallback<void (unsigned int)> const&, unsigned int, mojo::HandleSignalsState const&), base::RepeatingCallback<void (unsigned int)> const&>::Invoke<void (* const&)(base::RepeatingCallback<void (unsigned int)> const&, unsigned int, mojo::HandleSignalsState const&), base::RepeatingCallback<void (unsigned int)> const&, unsigned int, mojo::HandleSignalsState const&>(void (* const&)(base::RepeatingCallback<void (unsigned int)> const&, unsigned int, mojo::HandleSignalsState const&), base::RepeatingCallback<void (unsigned int)> const&, unsigned int&&, mojo::HandleSignalsState const&) base/functional/bind_internal.h:673:12
    #24 0x7511e44f7ea9 in void base::internal::InvokeHelper<false, base::internal::FunctorTraits<void (* const&)(base::RepeatingCallback<void (unsigned int)> const&, unsigned int, mojo::HandleSignalsState const&), base::RepeatingCallback<void (unsigned int)> const&>, void, 0ul>::MakeItSo<void (* const&)(base::RepeatingCallback<void (unsigned int)> const&, unsigned int, mojo::HandleSignalsState const&), std::__Cr::tuple<base::RepeatingCallback<void (unsigned int)>> const&, unsigned int, mojo::HandleSignalsState const&>(void (* const&)(base::RepeatingCallback<void (unsigned int)> const&, unsigned int, mojo::HandleSignalsState const&), std::__Cr::tuple<base::RepeatingCallback<void (unsigned int)>> const&, unsigned int&&, mojo::HandleSignalsState const&) base/functional/bind_internal.h:932:12
    #25 0x7511e44f7d1c in void base::internal::Invoker<base::internal::FunctorTraits<void (* const&)(base::RepeatingCallback<void (unsigned int)> const&, unsigned int, mojo::HandleSignalsState const&), base::RepeatingCallback<void (unsigned int)> const&>, base::internal::BindState<false, true, false, void (*)(base::RepeatingCallback<void (unsigned int)> const&, unsigned int, mojo::HandleSignalsState const&), base::RepeatingCallback<void (unsigned int)>>, void (unsigned int, mojo::HandleSignalsState const&)>::RunImpl<void (* const&)(base::RepeatingCallback<void (unsigned int)> const&, unsigned int, mojo::HandleSignalsState const&), std::__Cr::tuple<base::RepeatingCallback<void (unsigned int)>> const&, 0ul>(void (* const&)(base::RepeatingCallback<void (unsigned int)> const&, unsigned int, mojo::HandleSignalsState const&), std::__Cr::tuple<base::RepeatingCallback<void (unsigned int)>> const&, std::__Cr::integer_sequence<unsigned long, 0ul>, unsigned int&&, mojo::HandleSignalsState const&) base/functional/bind_internal.h:1069:14
    #26 0x7511e44f7b1b in base::internal::Invoker<base::internal::FunctorTraits<void (* const&)(base::RepeatingCallback<void (unsigned int)> const&, unsigned int, mojo::HandleSignalsState const&), base::RepeatingCallback<void (unsigned int)> const&>, base::internal::BindState<false, true, false, void (*)(base::RepeatingCallback<void (unsigned int)> const&, unsigned int, mojo::HandleSignalsState const&), base::RepeatingCallback<void (unsigned int)>>, void (unsigned int, mojo::HandleSignalsState const&)>::Run(base::internal::BindStateBase*, unsigned int, mojo::HandleSignalsState const&) base/functional/bind_internal.h:989:12
    #27 0x7511dadb4a50 in base::RepeatingCallback<void (unsigned int, mojo::HandleSignalsState const&)>::Run(unsigned int, mojo::HandleSignalsState const&) const & base/functional/callback.h:346:12
    #28 0x7511dadb12aa in mojo::SimpleWatcher::OnHandleReady(int, unsigned int, mojo::HandleSignalsState const&) mojo/public/cpp/system/simple_watcher.cc:286:14
    #29 0x7511dadb5c3e in void base::internal::DecayedFunctorTraits<void (mojo::SimpleWatcher::*)(int, unsigned int, mojo::HandleSignalsState const&), base::WeakPtr<mojo::SimpleWatcher>&&, int&&, unsigned int&&, mojo::HandleSignalsState&&>::Invoke<void (mojo::SimpleWatcher::*)(int, unsigned int, mojo::HandleSignalsState const&), base::WeakPtr<mojo::SimpleWatcher> const&, int, unsigned int, mojo::HandleSignalsState>(void (mojo::SimpleWatcher::*)(int, unsigned int, mojo::HandleSignalsState const&), base::WeakPtr<mojo::SimpleWatcher> const&, int&&, unsigned int&&, mojo::HandleSignalsState&&) base/functional/bind_internal.h:740:12

Shadow bytes around the buggy address:
  0x72a0872ae800: fd fd fd fd fd fd fd fd fd fd fd fd fd fd fd fd
  0x72a0872ae880: fd fd fd fd fd fd fd fd fd fd fd fd fd fd fd fd
  0x72a0872ae900: fd fd fd fd fd fd fd fd fd fd fd fd fd fd fd fd
  0x72a0872ae980: fd fd fd fd fd fd fd fd fd fd fd fd fd fd fd fd
  0x72a0872aea00: fd fd fd fd fd fd fd fd fd fd fd fd fd fd fd fd
=>0x72a0872aea80: fd fd fd fd[fd]fd fd fd fd fd fd fd fd fd fd fd
  0x72a0872aeb00: fd fd fd fd fa fa fa fa fa fa fa fa fa fa fa fa
  0x72a0872aeb80: fa fa fa fa fa fa fa fa fa fa fa fa fa fa fa fa
  0x72a0872aec00: fa fa fa fa fa fa fa fa fa fa fa fa fa fa f7 fa
  0x72a0872aec80: 00 00 00 00 00 00 00 00 00 00 00 00 00 00 00 00
  0x72a0872aed00: 00 00 00 00 00 00 00 00 00 00 00 00 00 00 00 00
Shadow byte legend (one shadow byte represents 8 application bytes):
  Addressable:           00
  Partially addressable: 01 02 03 04 05 06 07 
  Heap left redzone:       fa
  Freed heap region:       fd
  Stack left redzone:      f1
  Stack mid redzone:       f2
  Stack right redzone:     f3
  Stack after return:      f5
  Stack use after scope:   f8
  Global redzone:          f9
  Global init order:       f6
  Poisoned by user:        f7
  Container overflow:      fc
  Array cookie:            ac
  Intra object redzone:    bb
  ASan internal:           fe
  Left alloca redzone:     ca
  Right alloca redzone:    cb
WARNING: All log messages before absl::InitializeLog() is called are written to STDERR
E0000 00:00:1783777350.668018    5789 runtime.cc:173] Failed to extract sanitizer crash type: INVALID_ARGUMENT: No `SUMMARY: ` prefix in sanitizer error summary: 
==5789==ADDITIONAL INFO
=== Source Location Trace: ===
../../third_party/fuzztest/src/fuzztest/internal/sanitizer_interface.cc:31

E0000 00:00:1783777350.680750    5789 runtime.cc:173] Failed to extract sanitizer crash type: INVALID_ARGUMENT: No `SUMMARY: ` prefix in sanitizer error summary: 
==5789==Note: Please include this section with the ASan report.
=== Source Location Trace: ===
../../third_party/fuzztest/src/fuzztest/internal/sanitizer_interface.cc:31

E0000 00:00:1783777350.680880    5789 runtime.cc:173] Failed to extract sanitizer crash type: INVALID_ARGUMENT: No `SUMMARY: ` prefix in sanitizer error summary: Task trace:
=== Source Location Trace: ===
../../third_party/fuzztest/src/fuzztest/internal/sanitizer_interface.cc:31

E0000 00:00:1783777350.681276    5789 runtime.cc:173] Failed to extract sanitizer crash type: INVALID_ARGUMENT: No `SUMMARY: ` prefix in sanitizer error summary:     #0 0x7511dadb4ec8 in mojo::SimpleWatcher::Context::Notify(unsigned int, MojoHandleSignalsState, unsigned int) mojo/public/cpp/system/simple_watcher.cc:103:13
=== Source Location Trace: ===
../../third_party/fuzztest/src/fuzztest/internal/sanitizer_interface.cc:31

E0000 00:00:1783777350.681405    5789 runtime.cc:173] Failed to extract sanitizer crash type: INVALID_ARGUMENT: No `SUMMARY: ` prefix in sanitizer error summary: 
=== Source Location Trace: ===
../../third_party/fuzztest/src/fuzztest/internal/sanitizer_interface.cc:31

E0000 00:00:1783777350.681672    5789 runtime.cc:173] Failed to extract sanitizer crash type: INVALID_ARGUMENT: No `SUMMARY: ` prefix in sanitizer error summary: 
Command line: `out/ASan/content_browsertests --disable-gpu-process-for-dx12-info-collection --gtest_filter=DevToolsFetchGetResponseBodyTest.* --no-sandbox --single-process-tests --user-data-dir=/tmp/org.chromium.Chromium.scoped_dir.HkIQe2 --ip-address-space-overrides=127.0.0.1:0=public,[::1]:0=public --use-fake-device-for-media-stream --browser-test --ipc-connection-timeout=60 --log-missing-unload-ack --dom-automation --log-gpu-control-list-decisions --disable-d3d11-warp --disable-backgrounding-occluded-windows --disable-ignore-duplicate-navs-for-testing --disable-gl-drawing-for-tests --override-use-software-gl-for-tests --force-color-profile=srgb --enable-features=*TestBlinkFeatureDefault,TestFeatureForBrowserTest1 --disable-features=TestFeatureForBrowserTest2 --disable-gpu-process-for-dx12-info-collection --disable-platform-accessibility-integration`

=== Source Location Trace: ===
../../third_party/fuzztest/src/fuzztest/internal/sanitizer_interface.cc:31

E0000 00:00:1783777350.711956    5789 runtime.cc:173] Failed to extract sanitizer crash type: INVALID_ARGUMENT: No `SUMMARY: ` prefix in sanitizer error summary: 
MiraclePtr Status: NOT PROTECTED
No raw_ptr<T> access to this region was detected prior to this crash.
This crash is still exploitable with MiraclePtr.
Refer to https://chromium.googlesource.com/chromium/src/+/main/base/memory/raw_ptr.md for details.
=== Source Location Trace: ===
../../third_party/fuzztest/src/fuzztest/internal/sanitizer_interface.cc:31

E0000 00:00:1783777350.712081    5789 runtime.cc:173] Failed to extract sanitizer crash type: INVALID_ARGUMENT: No `SUMMARY: ` prefix in sanitizer error summary: 
==5789==END OF ADDITIONAL INFO
=== Source Location Trace: ===
../../third_party/fuzztest/src/fuzztest/internal/sanitizer_interface.cc:31

E0000 00:00:1783777350.712174    5789 runtime.cc:173] Failed to extract sanitizer crash type: INVALID_ARGUMENT: No `SUMMARY: ` prefix in sanitizer error summary: 
==5789==ABORTING
=== Source Location Trace: ===
../../third_party/fuzztest/src/fuzztest/internal/sanitizer_interface.cc:31

[6261:6261:0100/000000.884602:ERROR:content/renderer/render_process_impl.cc:220] WebFrame LEAKED 1 TIMES
TEST_EXIT=asan_abort
RED_CONFIRMED=1
DONE 2026-07-11T13:42:52Z
